names,playerNumber
SvenUlreich,26
JannisBärtl,35
JonasUrbig,40
LeonKlanac,48
DayotUpamecano,2
MinjaeKim,3
JonathanTah,4
AlphonsoDavies,19
HirokiIto,21
RaphaëlGuerreiro,22
SachaBoey,23
CassianoKiala,30
JosipStanišić,44
JoshuaKimmich,6
LeonGoretzka,8
JamalMusiala,10
MichaelOlise,17
TomBischof,20
KonradLaimer,27
LennartKarl,42
AleksandarPavlović,45
DavidSantos Daiber,47
SergeGnabry,7
HarryKane,9
NicolasJackson,11
LuisDíaz,14
WisdomMike,36
MarkFlekken,1
JanisBlaswich,28
NiklasLomb,36
JarellQuansah,4
LoïcBadé,5
EdmondTapsoba,12
Arthur,13
AxelTape,16
AlejandroGrimaldo,20
LucasVázquez,21
JeanuëlBelocian,44
EzequielFernández,6
JonasHofmann,7
RobertAndrich,8
ClaudioEcheverri,9
MalikTillman,10
AleixGarcía,24
ExequielPalacios,25
JeremiahMensah,27
IbrahimMaza,30
MartinTerrier,11
PatrikSchick,14
EliesseBen Seghir,17
AlejoSarco,18
ErnestPoku,19
NathanTella,23
ChristianKofane,35
KenIzekor,38
KamilGrabara,1
PavaoPervan,12
MariusMüller,29
JakubZielinski,30
KilianFischer,2
DenisVavro,3
KonstantinosKoulierakis,4
Rogério,13
JensonSeelt,14
MoritzJenz,15
JoakimMæhle,21
MathysAngély,22
SaëlKumbedi,26
ViniciusSouza,5
AndreasSkov Olsen,7
BenceDardai,8
LovroMajer,10
JesperLindström,19
ChristianEriksen,24
AaronZehnter,25
MaximilianArnold,27
YannickGerhardt,31
MattiasSvanberg,32
PatrickWimmer,39
KevinParedes,40
MohamedAmoura,9
AdamDaghim,11
DženanPejčinović,17
JonasWind,23
FinnDahmen,1
NediljkoLabrović,22
DanielKlein,25
MadsPedersen,3
ChrislainMatsima,5
JeffreyGouweleeuw,6
DimitriosGiannoulis,13
CédricZesiger,16
MaximilianBauer,23
MariusWolf,27
KevenSchlotterbeck,31
NoahkaiBanks,40
FelixMeiser,41
OliverSorg,43
Han-NoahMassengo,4
ElvisRexhbecaj,8
ArneMaier,10
IsmaëlGharbi,11
KristijanJakić,17
RobinFellhauer,19
AlexisClaude-Maurice,20
AntonKade,30
FabianRieder,32
MertKömür,36
MahmutKüçükşahin,42
SamuelEssende,9
PhillipTietz,21
EliasSaad,26
AimanDardari,28
FrederikRønnow,1
CarlKlaus,25
MatheoRaab,31
AndrikMarkgraf,3
DiogoLeite,4
DanilhoDoekhi,5
LeopoldQuerfeld,14
TomRothe,15
JosipJuranovic,18
ChristopherTrimmel,28
StanleyNsoki,34
DerrickKöhn,39
OluwaseunOgbemudia,41
AljoschaKemlein,6
RaniKhedira,8
WooyeongJeong,11
AndrásSchäfer,13
DavidPreu,17
JanikHaberer,19
TimSkarke,21
RobertSkov,24
AlexKrál,33
OliverBurke,7
LivanBurcu,9
IlyasAnsah,10
AndrejIlić,23
MarinLjubicic,27
DmytroBogdanov,30
BenVoll,1
NikolaVasilj,22
SimonSpari,30
ManolisSaliakas,2
KarolMets,3
DavidNemeth,4
HaukeWahl,5
EricSmith,8
ArkadiuszPyrka,11
FinStevens,14
LarsRitzka,21
LouisOppie,23
AdamDźwigała,25
JannikRobatsch,34
JamesSands,6
JacksonIrvine,7
Joel ChimaFujita,16
ErikAhlstrand,20
ConnorMetcalfe,24
MarwinSchmitz,42
NickSchmidt,44
AbdoulieCeesay,9
DanelSinani,10
OladapoAfolayan,17
MartijnKaars,19
Ricky-JadeJones,26
AndréasHountondji,27
MathiasPereira Lage,28
RomeoAigbekaen,38
OliverBaumann,1
LúkasPetersson,36
LucaPhilipp,37
RobinHranáč,2
OzanKabak,5
Bernardo,13
ValentinGendrey,15
AlbianHajdari,21
KevinAkpoguma,25
KokiMachida,28
VladimirCoufal,34
ArthurChaves,35
HennesBehrens,40
GrischaPrömel,6
LeonAvdullahu,7
DennisGeiger,8
MuhammedDamar,10
UmutTohumcu,17
WouterBurger,18
AlexanderPrass,22
AndrejKramarić,27
IhlasBebou,9
FisnikAsllani,11
TimLemperle,19
AdamHložek,23
DavidMokwa,24
BazoumanaToure,29
MërgimBerisha,32
MaxMoerstedt,33
DenizZeitler,38
PreciousBenjamin,53
KevinMüller,1
PaulTschernuth,34
FrankFeller,40
DiantRamaj,41
MarnonBusch,2
TimSiersleben,4
BenediktGimber,5
PatrickMainka,6
JonasFöhrenbach,19
Omar HaktabTraoré,23
ThomasKeller,27
AdamKölle,28
LeartPaqarada,32
JanSchöppner,3
JulianNiehues,16
MathiasHonsak,17
LucaKerber,20
AdrianBeck,21
ArijonIbrahimović,22
NiklasDorsch,30
SirlordConteh,31
NickRothweiler,33
StefanSchimmer,9
BuduZivzivadze,11
MarvinPieringer,18
MikkelKaufmann,29
TobiasWeigel,37
YannikWagner,38
MarvinSchwäbe,1
Ron-RobertZieler,20
MatthiasKöbbing,44
JoëlSchmied,2
DominiqueHeintz,3
TimoHübers,4
LucaKilian,15
JusufGazibegović,25
SebastianSebulonsen,28
KristofferLund,32
Ravvan den Berg,33
CenkÖzkacar,39
NeoTelle,49
TomKrauß,5
EricMartel,6
DenisHuseinbašić,8
FlorianKainz,11
SaïdEl Mala,13
JakubKamiński,16
AlessioCastro-Montes,17
ÍsakJóhannesson,18
JanThielmann,29
FayssalHarchaoui,34
LintonMaina,37
EminKujovic,46
LucaWaldschmidt,7
RagnarAche,9
MalekEl Mala,19
SargisAdamyan,23
MariusBülter,30
DanielHeuer Fernandes,1
DanielPeretz,26
HannesHermann,40
FernandoDickes,41
WilliamMikelbrencis,2
NoahKatterbach,3
GuilhermeRamos,13
GiorgiGocholeishvili,16
WarmedOmari,17
AboubakaSoumahoro,22
JordanTorunarigha,25
MiroMuheim,28
SilvanHefti,30
LukaVušković,44
AlbertSambi Lokonga,6
DanielElfadli,8
ImmanuëlPherai,10
FábioVieira,20
NicolaiRemberg,21
JonasMeffert,23
NicolasCapaldo,24
Jean-LucDompé,7
RobertGlatzel,9
Ransford-YeboahKönigsdörffer,11
RayanPhilippe,14
YussufPoulsen,15
BakeryJatta,18
EmirSahiti,29
AlexanderRössing-Lelesiit,38
FabioBaldé,45
MichaelZetterer,23
JensGrahl,33
AmilSiljevic,39
KauãSantos,40
EliasBaum,2
ArthurTheate,3
RobinKoch,4
AurèleAmenda,5
RasmusKristensen,13
NathanielBrown,21
AurélioButa,24
NnamdiCollins,34
FoussenyDoumbia,41
OscarHöjlund,6
FarèsChaïbi,8
EllyesSkhiri,15
HugoLarsson,16
MahmoudDahoud,18
RitsuDōan,20
TimothyChandler,22
MarioGötze,27
CanUzun,42
NoahFenyö,47
AnsgarKnauff,7
JonathanBurkardt,9
ElyeWahi,17
Jean-MattéoBahoya,19
MichyBatshuayi,30
JessicNgankam,32
GregorKobel,1
PatrickDrewes,30
SilasOstrzinski,31
AlexanderMeyer,33
YanCouto,2
WaldemarAnton,3
NicoSchlotterbeck,4
RamyBensebaini,5
DanielSvensson,24
NiklasSüle,25
JulianRyerson,26
AarónAnselmino,28
FilippoMané,39
AlmugeraKabar,42
SalihÖzcan,6
JobeBellingham,7
FelixNmecha,8
JulianBrandt,10
PascalGroß,13
CarneyChukwuemeka,17
MarcelSabitzer,20
EmreCan,23
SerhouGuirassy,9
MaximilianBeier,14
JulienDuranville,16
FabioSilva,21
KarimAdeyemi,27
ColeCampbell,37
NoahAtubolu,1
FlorianMüller,21
JannikHuth,24
PhilippLienhart,3
AnthonyJung,5
LukasKübler,17
MatthiasGinter,28
PhilippTreu,29
ChristianGünter,30
JordyMakengo,33
MaxRosenfelder,37
BrunoOgbus,43
PatrickOsterhage,6
MaximilianEggestein,8
Daniel KofiKyereh,11
YuitoSuzuki,14
NiklasBeste,19
NicolasHöfler,27
VincenzoGrifo,32
JohanManzambi,44
DerryScherhant,7
LucasHöler,9
ErenDinkçi,18
JuniorAdamu,20
CyriaqueIrié,22
MaximilianPhilipp,26
IgorMatanović,31
LasseRieß,1
RobinZentner,27
DanielBatz,33
PhillippMwene,2
MaximLeitsch,5
StefanBell,16
KaseyBos,18
AnthonyCaci,19
Dannyda Costa,21
KonstantinSchopp,23
AndreasHanche-Olsen,25
SilvanWidmer,30
DominikKohr,31
MaximDal,47
KacperPotulski,48
KaishuSano,6
Jae-sungLee,7
PaulNebel,8
ArnaudNordin,9
NadiemAmiri,10
LennardMaloney,15
NikolasVeratschnig,22
SotaKawasaki,24
DanielGleiber,42
ArmindoSieb,11
WilliamBøving,14
BenedictHollerbach,17
BenBobzien,37
NelsonWeiper,44
PéterGulácsi,1
LeopoldZingerle,25
MaartenVandevoordt,26
WilliOrbán,4
El ChadailleBitshiabu,5
LukasKlostermann,16
KostaNedeljkovic,19
DavidRaum,22
CastelloLukeba,23
MaxFinkgräfe,35
BenjaminHenrichs,39
EzechielBanzuzi,6
AmadouHaidara,8
NicolasSeiwald,13
ChristophBaumgartner,14
RidleBaku,17
AssanOuédraogo,20
XaverSchlager,24
AndrijaMaksimović,33
JoyeuxMasanka Bungi,42
KevinKampl,44
ViggoGebel,47
AntonioNusa,7
JohanBakayoko,9
ConradHarder,11
TidiamGomis,27
TimoWerner,36
Rômulo,40
YanDiomande,49
KarlHein,13
MarkusKolke,25
MioBackhaus,30
StefanSmarkalev,37
OlivierDeman,2
YukinariSugawara,3
NiklasStark,4
AmosPieper,5
MitchellWeiser,8
JuliánMalatini,22
IsaacSchmidt,23
FelixAgu,27
KarimCoulibaly,31
MarcoFriedl,32
MickSchmetgens,33
MaximilianWöber,39
JensStage,6
LeonardoBittencourt,10
SenneLynen,14
CameronPuertas,18
RomanoSchmid,20
IsakHansen-Aaröen,21
PatriceČović,24
SkellyAlvero,28
WesleyAdeh,34
SamuelMbangula,7
KekeTopp,9
JustinNjinmah,11
MarcoGrüll,17
SalimMusah,29
VictorBoniface,44
FabianBredlow,1
StefanDrljača,21
AlexanderNübel,33
FlorianHellstern,44
AmeenAl-Dakhil,2
RamonHendriks,3
JoshaVagnoman,4
MaximilianMittelstädt,7
LucaJaquez,14
PascalStenzel,15
LeonidasStergiou,20
LorenzAssignon,22
Dan-AxelZagadou,23
JeffChabot,24
FinnJeltsch,29
YannikKeitel,5
AngeloStiller,6
ChrisFührich,10
BilalEl Khannouss,11
SilasKatompa Mvumpa,13
AtakanKarazor,16
NoahDarvich,19
NikolasNartey,28
ChemaAndrés,30
MirzaĆatović,35
TiagoTomás,8
ErmedinDemirović,9
JustinDiehl,17
JamieLeweling,18
DenizUndav,26
BadredineBouanani,27
LazarJovanović,45
JonasOmlin,1
TobiasSippel,21
MoritzNicolas,33
TiagoPereira Cardoso,42
FabioChiarodia,2
KevinDiks,4
MarvinFriedrich,5
LucaNetz,20
LukasUllrich,26
JoeScally,29
NicoElvedi,30
YannikEngelhardt,6
KevinStöger,7
FranckHonorat,9
FlorianNeuhaus,10
GiovanniReyna,13
PhilippSander,16
JensCastrop,17
NathanNgoumou,19
OscarFraulo,22
RobinHack,25
RoccoReitz,27
CharlesHerrmann,34
WaelMohya,36
NiklasSwider,39
TimKleindienst,11
HarisTabaković,15
ShutoMachino,18
Grant-LeonRanos,28
