Rating,REF,ReviewDate,Origin
3.75,1876.0,2016,Agua Grande
2.75,1676.0,2015,Kpime
3.0,1676.0,2015,Atsane
3.5,1680.0,2015,Akata
3.5,1704.0,2015,Quilla
2.75,1315.0,2014,Carenero
3.5,1315.0,2014,Cuba
3.5,1315.0,2014,Sur del Lago
3.75,1319.0,2014,Puerto Cabello
4.0,1319.0,2014,Pablino
2.75,1011.0,2013,Panama
3.0,1011.0,2013,Madagascar
3.25,1011.0,2013,Brazil
3.75,1011.0,2013,Equateur
2.75,1015.0,2013,Colombie
3.0,1015.0,2013,Birmanie
3.25,1015.0,2013,Papua New Guinea
4.0,1015.0,2013,Chuao
3.25,1019.0,2013,Piura
3.5,1019.0,2013,Chanchamayo Province
4.0,1019.0,2013,Chanchamayo Province
3.5,797.0,2012,Bolivia
3.75,797.0,2012,Peru
3.75,1462.0,2015,"Chulucanas, El Platanal"
3.75,1470.0,2015,"Tumbes, Norandino"
2.75,705.0,2011,Vanua Levu
3.25,705.0,2011,"Vanua Levu, Toto-A"
3.5,705.0,2011,Vanua Levu
3.5,705.0,2011,"Vanua Levu, Ami-Ami-CA"
2.75,370.0,2009,"Los Rios, Quevedo, Arriba"
3.0,370.0,2009,"Los Rios, Quevedo, Arriba"
3.0,316.0,2009,Tabasco
3.75,636.0,2011,"Bali (west), Sukrama Family, Melaya area"
2.75,502.0,2010,"Madagascar, Ambolikapiky P."
2.75,508.0,2010,"Monte Alegre, D. Badero"
2.75,1215.0,2014,Trinite
2.75,1215.0,2014,Vietnam
3.0,1215.0,2014,Madagascar
2.5,1061.0,2013,Chuao
2.5,1173.0,2013,"Piura, Perou"
3.5,1944.0,2017,"Winak Coop, Napo"
3.5,1944.0,2017,"La Dalia, Matagalpa"
3.5,1944.0,2017,Tien Giang
3.5,1944.0,2017,"Makwale Village, Kyela"
2.75,1728.0,2016,Momotombo
3.0,1728.0,2016,Acopagro
2.5,1732.0,2016,CIAAB Coop
2.5,1732.0,2016,Villa Andina
2.75,1732.0,2016,Gruppo Salinas
2.5,1125.0,2013,Sur del Lago
3.0,1125.0,2013,Conacado
3.25,1129.0,2013,Bolivia
3.0,1133.0,2013,Bolivia
3.25,1133.0,2013,Peru
4.0,725.0,2011,Morobe
3.75,470.0,2010,Dos Rios
4.0,470.0,2010,Guayas
3.0,544.0,2010,Chuao
3.0,363.0,2009,Montanya
2.75,304.0,2008,"Bali, Jembrana"
3.5,129.0,2007,Madagascar
3.0,147.0,2007,Cuyagua
3.75,175.0,2007,Ocumare
3.0,322.0,2009,Ghana
2.75,327.0,2009,Ecuador
2.75,464.0,2009,Ecuador
3.0,464.0,2009,Ghana
3.25,1145.0,2013,"LamasdelChanka, San Martin, Oro Verde coop"
3.5,1145.0,2013,"Bellavista Gran Pajeten, San Martin"
3.0,1494.0,2015,Belize
3.25,1494.0,2015,Madagascar
3.25,1498.0,2015,Dominican Republic
3.25,1498.0,2015,Papua New Guinea
3.25,1498.0,2015,Venezuela
3.5,1498.0,2015,Peru
3.75,979.0,2012,"Piura, Blanco de Criollo"
4.0,111.0,2007,Porcelana
4.0,111.0,2007,Nine
5.0,111.0,2007,Chuao
3.0,123.0,2007,Ecuador
3.0,123.0,2007,Jamaica
3.5,123.0,2007,Grenada
3.75,123.0,2007,Venezuela
4.0,123.0,2007,Madagascar
3.5,129.0,2007,Trinidad
3.5,170.0,2007,Toscano Black
5.0,40.0,2006,Toscano Black
4.0,75.0,2006,Toscano Black
3.25,1065.0,2013,Catongo
2.75,572.0,2010,"Monte Alegre, 3 diff. plantations"
3.75,572.0,2010,"Monte Alegre, 3 diff. plantations"
3.75,572.0,2010,"Monte Alegre, 3 diff. plantations"
4.0,572.0,2010,"Monte Alegre, 3 diff. plantations"
3.0,1259.0,2014,Elvesia
3.5,1852.0,2016,Alto Beni
3.0,1375.0,2014,Madagascar
2.5,1379.0,2014,Chiapas
2.75,1379.0,2014,Equateur
3.0,1379.0,2014,Trincheras
3.5,1724.0,2016,San Juan
3.75,1724.0,2016,Kokoa Kamili
3.5,1900.0,2016,Tien Giang
3.25,1904.0,2016,Hacienda Victoria
3.25,1904.0,2016,Costa Esmeraldas
3.5,1904.0,2016,Lachua
3.75,1904.0,2016,Rugoso
3.5,1908.0,2016,"La Masica, FHIA"
4.0,1908.0,2016,"Coto Brus, Terciopelo"
4.0,1924.0,2016,Phantom
3.75,1928.0,2016,Elvesia
3.25,1928.0,2016,Matasawalevu
3.25,1928.0,2016,Lam Dong
3.5,1534.0,2015,Fazenda Camboa
3.5,1534.0,2015,Nacional
3.75,1534.0,2015,"Puerto Quito, heirloom"
3.5,1598.0,2015,Oko Caribe
3.75,1598.0,2015,Maya Mountain
4.0,1598.0,2015,Chuno
2.75,1602.0,2015,Fazenda Camboa
3.25,1602.0,2015,Guatemala
3.5,1602.0,2015,Camino Verde
3.25,1193.0,2013,"Trinidad, Heritage, Limited ed."
3.75,947.0,2012,"Colombia, Casa Luker"
4.0,729.0,2011,Haiti
2.75,745.0,2011,Panama
1.75,486.0,2010,Venezuela
3.75,531.0,2010,Jamaica
3.25,600.0,2010,Costa Rica
3.25,600.0,2010,Ba Ria Vung Tau Province
3.5,600.0,2010,Bali
2.5,355.0,2009,"Ocumare, Venezuela"
2.75,355.0,2009,Java
1.75,363.0,2009,Brazil Rio Doce
3.0,363.0,2009,Madagascar
3.0,363.0,2009,Peru
3.25,363.0,2009,Dominican Republic
3.75,300.0,2008,Congo
2.75,1181.0,2013,"Orinoqua Region, Arauca"
3.75,1780.0,2016,Mababa
3.75,647.0,2011,"Tenende, Uwate"
3.75,661.0,2011,Cortes
3.75,331.0,2009,Davao
2.5,141.0,2007,Xoconusco
3.0,175.0,2007,San Jose del Tambo
3.25,1474.0,2015,Houseblend
3.5,1474.0,2015,Papua New Guinea
3.0,995.0,2012,Sambirano
2.5,999.0,2012,Bahia
2.5,999.0,2012,Houseblend
2.75,1454.0,2015,"Bambamarca, 2015"
3.5,1454.0,2015,"Huallabamba, 2015"
3.5,1554.0,2015,Bahia
4.0,1295.0,2014,Maranon Canyon
3.25,983.0,2012,Duarte Province
3.5,983.0,2012,Chiapas
3.75,983.0,2012,Sambirano
2.75,955.0,2012,single estate
3.5,1840.0,2016,"Dominican Republic, Batch 3"
3.75,1868.0,2016,Brazil
3.25,1880.0,2016,Ecuador
3.0,1948.0,2017,"Asajaya E, NW Borneo, b. #132/4500"
3.25,1948.0,2017,"Serian E., NW Borneo, b. #134/3800"
2.75,1784.0,2016,"Brazil, Batch 20316"
2.75,1784.0,2016,"Dominican Republic, Batch 31616"
2.75,1784.0,2016,"Ecuador, Batch 31516"
2.75,1788.0,2016,Ecuador
2.75,586.0,2010,Costa Rica
2.75,586.0,2010,Papua New Guinea
2.75,586.0,2010,Peru
3.5,586.0,2010,Ecuador
3.5,1800.0,2016,"Kakao Kamili, Kilombero Valley"
3.25,1804.0,2016,"Alto Beni, Palos Blanco"
3.5,1864.0,2016,"Oko Caribe, Duarte P."
2.75,1768.0,2016,"Belize south, low fermentation"
3.0,1768.0,2016,Belize south
3.5,1768.0,2016,Belize south
3.5,1141.0,2013,Baracoa
3.5,1141.0,2013,Chuao
3.5,1141.0,2013,Cuyagua Village
4.0,1141.0,2013,Rio Peripa H.
4.0,757.0,2011,"Bali, Sukrama Bros. Farm, Melaya, 62hr C"
3.75,773.0,2011,"Somia Plantation, Sambirano, 70hr C"
2.75,797.0,2012,Nature
3.0,636.0,2011,Madagascar
3.0,636.0,2011,Maracaibo
3.5,636.0,2011,"Indigena Amazonia, Grand Cru, Quizas"
4.0,636.0,2011,Ecuador
3.25,508.0,2010,"Carenero S., Barlovento, Grand Cru"
3.25,508.0,2010,"Porcelana, Premier Cru, Quizas No. 1"
3.5,508.0,2010,"Java, Grand Cru"
3.5,508.0,2010,"Ocumare, Premier Cru, Quizas No. 2"
2.5,1482.0,2015,"Nicaragua, American style"
2.5,1486.0,2015,"San Andres, American style"
2.5,1486.0,2015,"San Andres, silk"
3.25,1486.0,2015,Belize
3.5,963.0,2012,Ghana
3.25,478.0,2010,"Bali, Singaraja"
3.75,502.0,2010,2009 Hapa Nibby
2.75,558.0,2010,"Bali, Singaraja"
3.0,565.0,2010,"Sambirano, 2009"
3.0,565.0,2010,"Ocumare, prototype"
3.0,414.0,2009,Puerto Plata
3.5,414.0,2009,Puerto Plata
3.25,423.0,2009,Sambirano
3.5,431.0,2009,Sambirano
3.0,233.0,2008,Sambirano
3.5,233.0,2008,Bocas del Toro
3.75,233.0,2008,Puerto Plata
3.0,256.0,2008,Ankasa
2.75,256.0,2008,La Red
2.75,256.0,2008,Carenero Superior
3.0,256.0,2008,Matiguas
2.75,1331.0,2014,Blue Mountain Region
3.5,1046.0,2013,"Congo, Grand Cru"
2.75,322.0,2009,Organic Dark
3.5,1740.0,2016,"Akesson's E., Sambirano V."
2.75,1752.0,2016,Lachua
3.5,1752.0,2016,Kokoa Kamili
3.0,1756.0,2016,Zorzal Reserva
3.5,911.0,2012,Guatemala
3.75,911.0,2012,Madagascar
3.5,1912.0,2016,Selva Maya
4.0,1339.0,2014,Kaori
3.25,1418.0,2014,"Los Colorados, Santo Domingo, Equateur"
3.75,1418.0,2014,Surfin
3.5,1038.0,2013,Maragnam
3.25,1042.0,2013,Gabon
3.5,629.0,2011,Cuba
3.5,629.0,2011,"Cusco, Cacao Cusco"
3.5,629.0,2011,Piura Blanco
3.75,629.0,2011,Libanio
4.0,629.0,2011,Haiti
4.0,629.0,2011,"Madagascar, 100% criollo"
3.5,672.0,2011,Juliana
3.25,761.0,2011,Jamaique
3.0,331.0,2009,Ivory Coast
2.75,336.0,2009,"Porcelana, Apotequil"
3.0,336.0,2009,"Porcelana, Tabasco, Marfil de Blanco"
3.0,395.0,2009,"Xoconusco, cacao Real"
4.0,199.0,2008,"Porcelana, Venezuela"
2.5,123.0,2007,Equateur
3.75,24.0,2006,Trinite
4.0,32.0,2006,"Ocumare, Puerto Cabello"
4.0,48.0,2006,"Maracaibo, El Rosario"
4.0,75.0,2006,Madagascar
1.5,81.0,2006,One Hundred
3.0,81.0,2006,Ceylan
4.0,81.0,2006,Chuao
3.25,316.0,2009,"El Oro, Hacienda de Oro"
1.5,341.0,2009,"El Oro, Hacienda de Oro"
2.75,1267.0,2014,Maya Mountain
2.75,1271.0,2014,Conacado
3.5,1868.0,2016,"Guasare, Zulia Prov."
3.75,1868.0,2016,"O'payo, Waslala"
3.75,1462.0,2015,Conacado
3.75,1255.0,2014,Maya Mountain
4.0,1355.0,2014,Chuao
3.0,1125.0,2013,Cooproagro
3.25,1125.0,2013,"Camino Verde, Guayas"
3.5,1129.0,2013,Ghana
3.5,1129.0,2013,"Chuao, Mantuano blend"
3.0,1514.0,2015,Elvesia P.
3.25,1514.0,2015,Elvesia P.
3.5,1514.0,2015,"Alta Verapaz, 2014"
2.75,1518.0,2015,Ambolikapiky P.
3.25,1518.0,2015,Maya Mountain
3.25,1518.0,2015,Ambolikapkly P.
3.0,1149.0,2013,Jamaica
3.0,1231.0,2014,Somia Plantation
3.5,1231.0,2014,Marabel Farms
3.5,1231.0,2014,"Camino Verde, Balao, Guayas"
2.75,1235.0,2014,Gran Couva
3.25,1638.0,2015,Ecuador
2.75,1181.0,2013,Dominican Republic
3.25,1299.0,2014,Trinidad
3.5,1299.0,2014,Mindo
3.25,1303.0,2014,Belize
3.25,1303.0,2014,Blend
2.5,1323.0,2014,"Ecuador, Bob Bar"
2.5,1606.0,2015,Puerto Rico
2.5,1215.0,2014,Tumbes
2.5,502.0,2010,"Dominican Republic, ""Love Bar"""
2.75,502.0,2010,Dominican Republic w/ nibs
2.25,600.0,2010,Patanemo
3.5,1716.0,2016,Grand 'Anse
3.0,586.0,2010,Santo Domingo
2.0,300.0,2008,Tanzania
2.0,141.0,2007,Venezuela
3.0,147.0,2007,Mexico
3.5,1688.0,2015,Chuao
3.25,1692.0,2015,Rio Caribe
2.5,1391.0,2014,Agua Fria; Sucre region
3.25,1391.0,2014,Macuare; Miranda; Chloe formula
3.5,1391.0,2014,"Chuao, Aragua region"
3.75,1395.0,2014,"Chuao, Aragua region"
3.25,1668.0,2015,Hacienda la Trinidad
3.75,1816.0,2016,Macondo
3.75,1816.0,2016,Perla Negra
3.75,1662.0,2015,Arhuacos
3.5,1430.0,2014,Sierra Nevada
3.5,1430.0,2014,Tumaco
2.75,1434.0,2014,"Boyaca, Aprocampa Coop, Pauna"
3.25,1434.0,2014,Arauca
3.5,1860.0,2016,"Jutiapa, lot 050916D"
3.75,991.0,2012,"Criollo, Dominican Republic"
3.0,641.0,2011,"Dominican Republicm, rustic"
3.75,641.0,2011,Dominican Republic
3.25,647.0,2011,"Dominican Republic, rustic"
3.5,1908.0,2016,"Mahali, Kasai"
3.5,508.0,2010,Madagascar
3.75,523.0,2010,Ecuador
4.0,523.0,2010,Papua
3.25,537.0,2010,Grenada
3.5,537.0,2010,Venezuela
3.5,537.0,2010,Venezuela
4.0,336.0,2009,"Porcelana, Tabasco, La Joya"
4.0,346.0,2009,"Xoconusco, Chiapas"
3.0,1684.0,2015,Madagascar
3.25,1684.0,2015,Peru
3.5,1684.0,2015,Vietnam
3.25,1173.0,2013,Piura
3.5,237.0,2008,Amazonia
3.5,237.0,2008,Esmeraldas
2.5,245.0,2008,Bolivar
1.5,259.0,2008,Pichincha
2.75,296.0,2008,Grenade
1.0,141.0,2007,Baking
2.5,1442.0,2014,Cuba
3.0,1442.0,2014,Dominican Republic
3.5,1442.0,2014,"Lago di Como, Blu"
3.5,1185.0,2013,Ecuador
3.0,809.0,2012,Venezuela
2.25,749.0,2011,Sao Tome
2.5,765.0,2011,Trinidad
2.5,1804.0,2016,Porcelana
2.75,1804.0,2016,Tanzania
3.0,1804.0,2016,"Porcelana, Batch 5163"
3.0,1808.0,2016,Bolivia
3.25,1808.0,2016,Brazil
2.0,237.0,2008,Esmeraldas
2.5,237.0,2008,Manabi
2.75,245.0,2008,Los Rios
3.0,266.0,2008,Manabi
3.25,269.0,2008,Los Rios
3.5,269.0,2008,Esmeraldas
3.5,1263.0,2014,"Saidor Estate, Madang P."
3.75,1263.0,2014,Kulili Estate
3.5,1582.0,2015,"Antigua, Special Reserve"
3.25,1586.0,2015,"Talamanca, Raul-Kekoldo community"
3.5,1586.0,2015,Anselmo Paraiso Estate
3.0,841.0,2012,Costa Rica
2.75,845.0,2012,Costa Rica
3.0,1884.0,2016,Arauca
3.25,1888.0,2016,Tumaco
3.25,1888.0,2016,Cordoba
3.5,1888.0,2016,Huila
3.5,1888.0,2016,Cesar
4.0,1724.0,2016,"Maya Mtn, Batch 454, Heirloom"
3.5,1570.0,2015,"the lost city, gracias a dias, batch 362"
3.75,1570.0,2015,"Duarte, Batch 360"
3.5,1574.0,2015,"Piaroa, Amazonas, Batch 350"
3.5,1347.0,2014,Sierra Nevada
3.5,1371.0,2014,Arauca
2.75,1407.0,2014,Elvesia P.
3.0,1101.0,2013,Bolivia
3.5,1101.0,2013,Conacado
2.5,1105.0,2013,San Martin
3.25,1105.0,2013,"Guaniamo, Amazonas"
3.25,1109.0,2013,Nicaragua
2.75,1153.0,2013,Tumbes
3.0,1153.0,2013,Guaniamo
2.5,1247.0,2014,Ecuador
2.75,1247.0,2014,Peru
2.75,1251.0,2014,Venezuela
3.0,1251.0,2014,Bolivia
2.75,404.0,2009,Equateur
2.75,1426.0,2014,Uganda
3.25,1900.0,2016,Maya Mtn
2.75,486.0,2010,Arriba
3.0,252.0,2008,Los Rios
3.5,1235.0,2014,la Amistad
3.5,672.0,2011,Blend No. 1
3.25,1454.0,2015,Ecuador
3.0,1407.0,2014,Maya Mountain w/ nibs
3.25,1407.0,2014,Maya Mountain
2.75,1696.0,2015,"Mekong Delta, early 2014 Harvest"
3.5,1696.0,2015,"Tawau, Oct. 2015 Harvest"
2.5,1482.0,2015,Peru
2.75,1482.0,2015,Peru + nibs
2.5,1514.0,2015,Dominican Republic
3.75,647.0,2011,Madagascar
3.75,647.0,2011,Venezuela
2.5,1772.0,2016,"Tumbes, ""Zarumilla"""
2.5,1772.0,2016,"Philly Blend, 5 plantations"
2.5,1760.0,2016,Wild Bolivian
2.75,1760.0,2016,Uganda
3.0,1764.0,2016,Dominican Republic
3.0,1764.0,2016,Dominican Republic
3.0,1764.0,2016,Ocumare
3.25,1764.0,2016,Ecuador
2.75,1768.0,2016,Nicaragua
2.75,1259.0,2014,Peru
3.25,1530.0,2015,Tres Hombres
3.5,1530.0,2015,"Congo, Gorilla bar"
3.75,1530.0,2015,"Peru, Awagum bar"
3.75,1582.0,2015,Maranon
3.75,1582.0,2015,Carenero Superior
3.75,1121.0,2013,Peru
2.5,919.0,2012,Ecuador
2.75,919.0,2012,Peru
3.25,919.0,2012,Madagascar
2.5,1219.0,2014,Xoconusco
3.0,1454.0,2015,Patanemo
3.25,682.0,2011,"Chiapas, Lacandon Jungle, Oaxacom Mtn"
3.25,478.0,2010,Xoconusco
3.5,478.0,2010,Sambirano
3.25,439.0,2009,Kendari
3.25,439.0,2009,Tarakan
3.5,209.0,2008,Ocumare
2.5,117.0,2007,"Bolivar, Guaranda"
2.5,117.0,2007,Guyave
3.0,117.0,2007,Maragda
2.5,1522.0,2015,Tabasco
2.5,1522.0,2015,Tabasco
2.5,377.0,2009,Ocumare
2.75,377.0,2009,"Porcelana, Tabasco"
3.0,377.0,2009,Brazilian
3.0,377.0,2009,Brazilian
3.0,377.0,2009,Ocumare
2.75,1149.0,2013,Guadeloupe
3.25,1832.0,2016,"Chiapas, Lacandon Jungle, Oaxacom Mtn"
3.75,666.0,2011,"Maranon Canyon, Fortunato No. 4"
3.0,445.0,2009,Choroni
2.75,486.0,2010,Chuao
3.75,470.0,2010,Terreiro Velho P.
3.0,209.0,2008,Terreiro Velho P. w/ sugar crystals
4.0,227.0,2008,Terreiro Velho P.
1.0,252.0,2008,Principe
3.5,1486.0,2015,"Camino Verde P., Balao, Guayas, 2014"
3.0,1646.0,2015,Sambirano
3.25,579.0,2010,Sur del Lago
2.75,292.0,2008,Carenero Superior
3.25,292.0,2008,Moxos
3.75,292.0,2008,Ocumare
2.75,296.0,2008,Esmeraldas
3.5,1630.0,2015,Camino Verde
2.75,1916.0,2016,"Tien Giang, 2015, batch 10-2-16"
3.25,1169.0,2013,"Ecuador, Puristique"
3.5,813.0,2012,Ghana Puristique
1.5,817.0,2012,Ecuador Puristique
3.75,821.0,2012,Uba Budo
3.5,959.0,2012,Madagascar
3.25,470.0,2010,Grenada
3.0,478.0,2010,Chuao
2.5,558.0,2010,"Los Rios, H. Iara"
3.0,558.0,2010,Trinidad
3.25,558.0,2010,Jamaica
3.25,558.0,2010,Ocumare 61
3.0,341.0,2009,"Porcelana, Apotequil"
3.25,445.0,2009,"Porcelana, Apotequil"
3.5,451.0,2009,Chuao 100hr
3.75,451.0,2009,Chuao 70hr
3.0,220.0,2008,"Porcelana, Tabasco, Mexico"
3.0,220.0,2008,"Porcelana, Venezuela"
3.0,196.0,2007,"Sambirano, Menava P."
1.0,48.0,2006,Sensations Intense
2.5,1283.0,2014,New Ireland
2.75,1335.0,2014,"Vanuatu, batch 2410"
3.25,971.0,2012,"Tanzania, batch a1"
3.25,975.0,2012,"Bahia, batch a1213"
3.25,975.0,2012,"Namau Village, N. Taileva P., batch a2812"
3.25,975.0,2012,Vanuatu
3.5,975.0,2012,Djual Island
3.25,1736.0,2016,"""heirloom"", Arriba Nacional"
3.75,1736.0,2016,"""heirloom"", Arriba Nacional"
2.75,1654.0,2015,Goodman Estate
3.25,785.0,2011,"Daintree Estates, N. Queensland"
2.75,1928.0,2017,"Dominican Republic, batch 7"
3.0,1610.0,2015,Robson Estate
3.5,1610.0,2015,Los Rios
2.25,1666.0,2015,Crayfish Bay aka Non Pariel Estate
2.75,1666.0,2015,O'Payo
3.75,1816.0,2016,"Zorzal Reserva, 2015 H., Kerchner"
3.0,1446.0,2015,"Maya Mtn., Break Bar- Snark"
3.5,1219.0,2014,Maya Mountain
3.5,1295.0,2014,"Camino Verde P., Balao, Guayas, 2013"
2.75,1303.0,2014,Buto
3.75,1387.0,2014,"San Francisco de Macoris, Cibao region"
2.75,1026.0,2013,"Cumboto, farmer Jose Lugo"
3.25,1026.0,2013,Patanemo
3.5,1085.0,2013,"Mantuano, 2012"
3.5,1153.0,2013,Papua New Guinea
3.0,805.0,2012,Upala
3.25,805.0,2012,Colombian
3.75,915.0,2012,"Elvesia, 2011"
3.25,654.0,2011,Dominican Republic
3.25,654.0,2011,Madagascar
3.25,654.0,2011,Tanzania
3.25,1223.0,2014,Los Ujuxtes
3.0,987.0,2012,Chuao
3.75,987.0,2012,Los Ujuxtes
3.75,987.0,2012,Sambirano
4.0,987.0,2012,Las Acacias E.
3.25,991.0,2012,"Oscuro, Finca Chimelb"
3.5,661.0,2011,Los Ujuxtes
3.0,423.0,2009,Las Acacias E.
3.25,423.0,2009,Las Acacias E.
2.75,1920.0,2016,"Venezuela, batch 122"
3.0,1920.0,2016,Vietnam
3.25,1920.0,2016,"DUO, batch 002"
3.25,1708.0,2016,Bolivia
3.0,1550.0,2015,Madagascar
3.25,1550.0,2015,Ocumare
3.0,1554.0,2015,Tanzania
3.25,1554.0,2015,Ecuador
2.5,1093.0,2013,Ghana
2.75,1093.0,2013,Rainforest
2.75,1093.0,2013,Venezuela
3.25,907.0,2012,West Africa
3.5,1462.0,2015,"Nativo, Varzea"
3.5,1462.0,2015,"Selvagem, Jari"
2.5,1832.0,2016,Bundibugyo District
3.0,1832.0,2016,"Sambirano Valley, batch 2477"
2.5,170.0,2007,Madagascar
3.0,175.0,2007,Costa Rica
3.0,175.0,2007,Ecuador
3.0,175.0,2007,Ghana
3.0,180.0,2007,Papua New Guinea
3.0,180.0,2007,Peru
3.0,423.0,2009,Papua New Guinea
3.75,263.0,2008,Venezuela
2.5,1916.0,2016,"Kilombero, batch 41"
2.75,241.0,2008,Bolivian
3.5,166.0,2007,Costa Rica
3.5,166.0,2007,Dominican Republic
3.75,1952.0,2017,Lanquin Estate
3.5,1864.0,2016,Tien Giang
3.75,1634.0,2015,"Alto Beni, Wild Harvest, Limited Ed."
3.5,1235.0,2014,Elvesia
3.25,1034.0,2013,"Ecuador, Choc. Garage Exclusive"
3.5,1193.0,2013,Camino Verde
2.75,895.0,2012,Bolivia
2.75,955.0,2012,Belize
2.75,661.0,2011,Sambirano
3.0,661.0,2011,Sambirano
2.75,682.0,2011,Mantuano
3.0,769.0,2011,La Red
3.25,769.0,2011,Ecuador
3.0,1688.0,2015,Puerto Cabello
3.25,1371.0,2014,"Panama, Raven"
3.25,1371.0,2014,"Puerto Cabello, Mantuano"
3.5,1407.0,2014,Johe
3.75,311.0,2009,"O'ahu, N. Shore, Waialua Estate"
3.0,304.0,2008,Africa
1.5,63.0,2006,Noir
3.75,1672.0,2015,Hacienda Victoria
3.75,1672.0,2015,Ocumare 77
3.0,1109.0,2013,"IL100, H. San Jose"
3.5,863.0,2012,Morogoro
3.75,863.0,2012,Guasare
3.5,693.0,2011,"Canoabo, Hacienda San Jose"
3.0,470.0,2010,"Chuao, Hacienda San Jose"
3.0,227.0,2008,"Carupano, H. San Jose"
3.0,272.0,2008,Teyuna
3.5,272.0,2008,Blend No. 1
3.75,272.0,2008,Ilblend
4.0,111.0,2007,Porcelana
3.25,129.0,2007,"Ocumare 61, Puertomar"
3.25,135.0,2007,Granella
3.5,135.0,2007,Madagascar
3.5,192.0,2007,Madagared
3.75,192.0,2007,"Java, Javablond"
4.0,192.0,2007,Ecuador
4.0,192.0,2007,"Ocumare 67, Puertofino"
3.0,87.0,2006,Sur del Lago Classificado
3.25,87.0,2006,Apurimac
3.5,87.0,2006,Carenero Superior
2.75,1880.0,2016,Non Pariel Estate
2.5,1672.0,2015,"Rio Caribe, Batch 7"
2.75,1676.0,2015,"Colombia, Batch 9"
2.75,1676.0,2015,"Madagascar, Batch 8"
4.0,1662.0,2015,"Rio Dulce, Xoco"
3.5,1331.0,2014,"Chuno, Xoco"
3.75,1331.0,2014,"Rico Rugoso, Xoco"
3.75,923.0,2012,Ocumare
3.75,623.0,2011,"Indio Rojo, Xoco"
3.5,661.0,2011,Dominican Republic
3.0,697.0,2011,"Bocas del Toro, Tierra Oscura"
3.25,697.0,2011,"Nicaliso, Xoco"
3.5,765.0,2011,Ocumare
3.5,516.0,2010,Panama
3.75,516.0,2010,"Corazon del Ecuador, Calceta beans"
2.5,523.0,2010,Star of Ecuador
3.75,523.0,2010,Star of Peru
3.25,1506.0,2015,Dominican Republic
2.75,841.0,2012,Madagascar
3.5,1626.0,2015,"Maranon, Joya Rara"
3.5,1626.0,2015,"Rio Caribe, Tepui Treasure"
3.25,1630.0,2015,Taino Secret
3.25,1630.0,2015,"Carenero, Empyrean Sabor"
4.0,1630.0,2015,Corona Arriba
3.25,1343.0,2014,Peru
3.5,1343.0,2014,Madagascar
3.75,1343.0,2014,Dominican Republic
3.25,1812.0,2016,Tumaco
3.25,1812.0,2016,Arauca
2.75,919.0,2012,"Maranon, Good & Evil, w/ nibs"
3.0,1876.0,2016,Porcelana
3.75,709.0,2011,"Alto Beni, Covendo Region"
2.75,252.0,2008,Alto Beni
3.75,1662.0,2015,San Joaquin
2.75,439.0,2009,"Rio Caribe, Cariaco"
3.0,439.0,2009,"Rio Caribe, Macuro"
2.5,206.0,2008,"Carenero Superior, Apamate"
2.5,206.0,2008,"Carenero Superior, Bucare"
3.0,206.0,2008,"Carenero Superior, Mijao"
2.75,32.0,2006,"Carenero Superior, Gran Saman"
2.75,1137.0,2013,Emerald Estate
3.25,1137.0,2013,Emerald Estate
3.0,1450.0,2015,Patanemo
3.5,1454.0,2015,Peru
3.25,1916.0,2016,"Wampusirpi, batch 007"
3.25,565.0,2010,Terreiro Velho P.
3.25,1205.0,2014,Ben Tre
3.0,1209.0,2014,Ham Luong
3.25,1209.0,2014,Ba Lai
2.75,903.0,2012,Rio Caribe
2.0,414.0,2009,Guapiles
3.5,423.0,2009,Carenero Superior
2.75,431.0,2009,"Carenero, Guapiles, Ocumare blend"
3.0,252.0,2008,Ocumare
2.5,666.0,2011,"Peru, Madagascar"
2.5,666.0,2011,Trinidad
2.5,666.0,2011,Porcelana
2.75,666.0,2011,Red Vanilla
2.5,672.0,2011,"Venezuela, Trinidad"
3.0,1275.0,2014,Belize
3.5,1275.0,2014,Ecuador
3.75,1275.0,2014,Dominican Republic
2.75,565.0,2010,"Monte Alegre, D. Badaro, Raw, Organic"
3.0,1732.0,2016,Blue Mountain
2.5,1736.0,2016,Cuyagua
2.75,1736.0,2016,Maya Mountain
3.5,494.0,2010,Grenada
2.0,105.0,2006,Supremo- SF
3.0,105.0,2006,Elvesia P.
3.0,48.0,2006,"Madagascar, Grand Cru"
3.0,48.0,2006,Maracaibo Clasificado
3.5,48.0,2006,Arriba
4.0,56.0,2006,"Alto Beni, Cru Savage"
2.25,1283.0,2014,Puerto Rico
3.0,1283.0,2014,Dominican Republic
3.25,1283.0,2014,Dominican Republic
2.5,1287.0,2014,Dominican Republic
2.75,1267.0,2014,Rio Eni
2.75,1776.0,2016,Dominican Republic
2.75,1776.0,2016,Puerto Rico
2.75,1772.0,2016,"Akesson's E., Sambirano V."
3.5,1776.0,2016,"Camino Verde P., Balao, Guayas"
3.75,1776.0,2016,"Kokoa Kamili Coop, Kilombero"
3.5,1355.0,2014,Choroni
3.75,1355.0,2014,Ocumare
3.75,911.0,2012,Canoabo
3.5,915.0,2012,Sur del Lago
3.5,1538.0,2015,Costa Rica
3.5,1538.0,2015,Peru Brutus
3.0,1542.0,2015,Vietnam
3.5,1351.0,2014,Ghana
3.5,1351.0,2014,Madagascar
3.5,1940.0,2017,"Norandino, batch 161208"
3.5,1634.0,2015,Guatemala
3.0,1209.0,2014,San Andres
3.25,1295.0,2014,Matagalpa
3.5,1042.0,2013,"Palo Blanco, Chulucanas"
2.5,883.0,2012,Tumbes Coop
3.5,883.0,2012,"Palo Blanco, Chulucanas"
2.0,887.0,2012,"Palo Blanco w/ panela, Chulucanas"
3.5,781.0,2011,"Maranon Canyon, Fortunato No. 4"
3.5,785.0,2011,La Red
3.0,1383.0,2014,"Maranon, #228, MR, SC"
3.5,1383.0,2014,"Maranon, #227, LR, MC"
3.5,1383.0,2014,"Maranon, #229, MR, LC"
3.5,1387.0,2014,"Maranon, #230, DR, LC"
3.25,1030.0,2013,"Conacado, #223, MR, SC"
3.75,1081.0,2013,"Conacado, #224, MR, MC"
3.75,1117.0,2013,"San Martin, Bellavista Coop, #226, DR, MC"
4.0,1149.0,2013,"Bellavista Coop, #225, LR, MC, CG Exclusive"
3.5,899.0,2012,"Markham Valley, #219, LR, MC"
3.5,899.0,2012,"Markham Valley, #221, DR, MC"
4.0,915.0,2012,"Sambirano Valley, #216, MR, LC"
4.0,927.0,2012,"Markham Valley, #220, MR, MC"
3.0,931.0,2012,"Markham Valley, #222, LR, 0C"
2.75,636.0,2011,"Ghana, #211, MR, MC"
3.25,642.0,2011,"Jamaica, #209, DR, SC"
3.5,642.0,2011,"Conacado, #212, LR, SC"
3.5,642.0,2011,"Jamaica, #210, DR, MC"
2.75,682.0,2011,"Sambirano Valley, #214, LR, MC"
3.25,682.0,2011,"Conacado, #213, DR, -C"
3.0,688.0,2011,"Sambirano Valley, #215, MR, MC"
3.25,745.0,2011,"Chuao, #218, MR, MC"
4.0,745.0,2011,"Chuao, #217, DR, MC"
2.75,370.0,2009,"Jamaica, #204, DR, SC"
3.0,370.0,2009,"Jamaica, #206, DR, LC"
3.25,370.0,2009,"Jamaica, #205, DR, MC"
3.5,370.0,2009,"Carenero Superior, #203, MR, SC"
3.5,1912.0,2016,"Rugoso, Bad Fermentation"
3.0,1680.0,2015,La Dalia
3.25,1680.0,2015,La Dalia
3.5,1259.0,2014,La Dalia
3.25,1034.0,2013,"Barba, Xoco"
3.5,1034.0,2013,"Medagla, Xoco"
3.25,895.0,2012,"Chuno, triple turned, Xoco"
3.25,899.0,2012,"Red Mayan, Xoco"
3.25,899.0,2012,"Chuno, double turned, Xoco"
3.75,923.0,2012,"Rugoso, Xoco"
3.25,623.0,2011,"Johe, Xoco"
3.5,623.0,2011,"Chuno, Xoco"
3.5,623.0,2011,"Nicaliso, Xoco"
3.75,1780.0,2016,"Wild Bolivian, Batch 2"
4.0,1780.0,2016,"Coto Brus, Heirloom, Batch 1"
3.75,1347.0,2014,Gran Couva
3.0,1359.0,2014,Maranon
3.75,1046.0,2013,La Red
3.0,1185.0,2013,Camino Verde
2.5,863.0,2012,Peru
3.25,753.0,2011,Signature Blend
3.0,781.0,2011,Costa Rica
2.5,1367.0,2014,"Kaua'I, Alea Estate +world"
3.25,1642.0,2015,Akesson P.
4.0,1642.0,2015,ABOCFA Coop
3.5,1646.0,2015,Conacado Coop
3.5,1646.0,2015,Conacado Coop
3.5,1646.0,2015,Akesson P.
3.5,1848.0,2016,"Toledo District, 2015 Harvest"
3.0,1672.0,2015,Bahia
2.75,1924.0,2016,"Almendra Blanca, batch 1004"
3.25,1924.0,2016,"El Carmen, batch 1003"
3.25,1924.0,2016,"Asochivite, batch 1005"
3.0,741.0,2011,"Ben Tre, Dong Nai"
2.5,15.0,2006,Dark
3.5,1896.0,2016,Madagascar
3.25,494.0,2010,Grenada
2.75,363.0,2009,Grenada
2.5,241.0,2008,Grenada
3.0,355.0,2009,Arriba
3.0,355.0,2009,Ghana
3.0,355.0,2009,Trinidad & Tobago
3.0,355.0,2009,Lacri Blend
3.25,355.0,2009,Blend
3.75,1602.0,2015,"Epique, Blend No. 49"
2.75,1053.0,2013,Haiti
2.75,1053.0,2013,Nicaragua
3.25,1053.0,2013,Jamaica
3.5,1053.0,2013,Ecuador
2.75,654.0,2011,Coucher du Soleil
3.25,654.0,2011,Lever du Soleil
3.25,654.0,2011,Onyx
3.0,552.0,2010,Trinidad
3.0,316.0,2009,"O'ahu, N. Shore, Waialua E., Kakoleka"
3.0,387.0,2009,Nocturne
3.5,387.0,2009,Complexite
3.0,259.0,2008,Machu Pichu
3.0,276.0,2008,Special Maker Reserve
3.5,276.0,2008,Ocumare
3.5,147.0,2007,Quetzalcoatl
3.0,15.0,2006,Chucuri
2.5,87.0,2006,Sur del Lago
3.5,87.0,2006,"Sambirano, Ambanja"
3.5,93.0,2006,"Los Rios, Quevedo"
3.5,93.0,2006,Tsaranta
3.0,99.0,2006,Semisweet
2.75,1197.0,2014,Papua New Guinea
2.75,1197.0,2014,Campesino w/ nibs
3.25,1197.0,2014,Dominican Republic
3.5,1197.0,2014,Trinitario
2.75,1201.0,2014,Downtown London
3.0,1201.0,2014,Africa meets Latina
3.0,1201.0,2014,Amazonas
3.25,1201.0,2014,Sharkey
2.0,1205.0,2014,one hundred
2.5,166.0,2007,Arriba
2.75,1327.0,2014,Don Homero- Cerecita Valley
3.0,1327.0,2014,Don Homero- Cerecita Valley
3.0,701.0,2011,South America and Africa
3.25,1808.0,2016,"Vale do Juliana, w/ nibs"
3.0,1696.0,2015,Brazil Blend
3.5,1700.0,2015,"Tome Acu E., Amazon Rainforest"
3.5,1700.0,2015,"Vale do Juliana E., Atlantic Forest"
2.75,1876.0,2016,Peru
3.25,1748.0,2016,"Maya Mtn, Moho R., Toledo D., 2015"
3.5,1748.0,2016,"Cota Brus, Terciopelo, 2015"
3.5,1239.0,2014,"Alto Beni, Upper Rio Beni, 2014"
3.0,1243.0,2014,"Wild Beni, Lower Rio Beni, Tranquilidad, 2014"
3.75,1243.0,2014,"Los Rios, Hacienda Limon, Orecao, 2014"
3.75,1243.0,2014,"Maunawili, O'ahu, Agri Research C., 2014"
3.5,1744.0,2016,"Maunawili, O'ahu, Agri Research C., 2015"
3.5,1744.0,2016,"Los Rios, Hacienda Limon, Orecao, 2015"
3.5,1748.0,2016,"Pinchincha, Mindo, Coop Nueva Esper., 2015"
3.75,1744.0,2016,"Alto Beni, Upper Rio Beni, 2015"
4.0,1744.0,2016,"Wild Beni, Lower Rio Beni, Tranquilidad, 2015"
2.75,1458.0,2015,Uganda
3.5,1462.0,2015,Venezuela
2.75,1546.0,2015,Tanzania
3.0,1546.0,2015,Madagascar
3.0,1546.0,2015,Venezuela
3.25,1550.0,2015,Ecuador
3.25,1550.0,2015,Peru
2.75,1712.0,2016,Akesson's Estate
2.75,1712.0,2016,Carenero Superior
3.25,1712.0,2016,Conacado
3.5,1712.0,2016,Gran Blanco
2.0,414.0,2009,Arriba
2.5,414.0,2009,Manabi
3.0,414.0,2009,Arriba
3.25,414.0,2009,Arriba
3.5,414.0,2009,Manabi
2.75,1872.0,2016,Maranon
3.5,1466.0,2015,"Camino Verde P., Balao, Guayas"
3.5,1466.0,2015,Sambirano
3.5,1466.0,2015,Gran Couva
3.5,1466.0,2015,Mara
2.5,431.0,2009,Ivory Coast
2.75,431.0,2009,Hispaniola
3.5,431.0,2009,San Martin
3.75,431.0,2009,Hispaniola w/ nibs
2.5,1327.0,2014,"Ecuador, w/ nibs"
2.75,1654.0,2015,"Pepiniere, single Cote"
4.0,1030.0,2013,"Marcial, single Cote, 2012"
1.75,1113.0,2013,"Island Growers, 2012, 120hr c."
3.0,1038.0,2013,Trinidad
3.5,1038.0,2013,Mekong Delta & Dong Nai
3.0,1065.0,2013,"Los Rios, H. Iara"
3.0,1065.0,2013,"Somia Plantation, Akesson, 2012"
3.5,1065.0,2013,"Los Rios, H. Iara, 2012"
2.75,1109.0,2013,"Chanchamayo, Pichanadi, 2012, 60hr c."
2.5,1113.0,2013,"Los Rios, H. Iara, 2012, 120hr c."
2.75,1113.0,2013,"Conacado, 2012, 120hr c."
3.5,809.0,2012,Sambirano
3.0,623.0,2011,"Los Rios, H. Iara, 96hr c."
3.0,623.0,2011,"Island Growers, 120hr c."
3.25,623.0,2011,"Island Growers, 96hr c."
2.75,552.0,2010,Ecuador
3.0,552.0,2010,Santo Domingo
2.75,600.0,2010,Chuao
3.0,245.0,2008,St. Lucia
2.5,296.0,2008,Uganda
2.75,296.0,2008,Tanzania
3.0,300.0,2008,Uba Budo
3.5,1542.0,2015,Lam Dong
3.0,1307.0,2014,Bolivia
3.0,1311.0,2014,"Bolivia, Bo-nib-ia, w/ nibs"
3.0,1311.0,2014,Momotombo
3.75,1311.0,2014,Hispaniola
3.5,1387.0,2014,Zorzal Reserva w/ Charles Kerchner
3.25,1097.0,2013,"Ocumare, Cumboto"
3.75,1097.0,2013,Amazonas
3.75,1085.0,2013,"Chuao, Venezuela"
3.75,725.0,2011,Coopertiva Amazona
3.75,725.0,2011,"Sur del Lago, Amiari Meridena, Zulia, 48hr c."
3.25,729.0,2011,"Choroni, Finca Torres, 48hr c."
3.75,733.0,2011,"Ocumare, H. Cata, 48hr c."
4.0,733.0,2011,"Porcelana, Zulia"
3.5,737.0,2011,"Ocumare, H. Cata, w/ nibs"
4.0,737.0,2011,"Carenero Superior, Urrutia, Barlovento"
4.0,737.0,2011,Coopertiva Amazona w/ nibs
4.0,737.0,2011,"Sur del Lago, Amiari Meridena, Zulia, w/ nibs"
2.5,1788.0,2016,India (south)
3.25,821.0,2012,La Red
2.75,907.0,2012,"Conacado, Manifesto"
3.0,1255.0,2014,Honduras
2.75,943.0,2012,"Satipo region, white label"
3.0,943.0,2012,black label
3.5,1275.0,2014,Madagascar
2.25,1279.0,2014,Peru
3.25,1279.0,2014,Belize
3.25,1279.0,2014,Dominican Republic
3.5,1542.0,2015,"Maya Mountain, Toledo, Batch 29"
2.75,1546.0,2015,"Elvesia P., Batch 32"
2.0,5.0,2006,Trinatario Treasure
2.75,1534.0,2015,Madagascar
3.5,1375.0,2014,Belize
3.5,1375.0,2014,Madagascar
4.0,1375.0,2014,Peru
3.5,1061.0,2013,"Rizek Cacao, Cibao Valley, Domin. Rep."
3.0,1069.0,2013,"Rizek Cacao, Domin. Rep."
3.25,1069.0,2013,"Rizek Cacao, Domin. Rep."
3.25,1073.0,2013,"Rizek Cacao, Domin. Rep."
2.5,837.0,2012,Peru
3.75,387.0,2009,Vanuatu
3.0,241.0,2008,Sisa 36hr/ W. F. blend prototype
3.5,241.0,2008,Sisa's Secret/ original micro
2.75,245.0,2008,Roberto
2.5,248.0,2008,Diego/ original micro
2.75,248.0,2008,Diego 48hr/ W.F. blend prototype
3.0,248.0,2008,Diego 60hr/ W.F. blend prototype
2.5,263.0,2008,Cacao Nacional W.F.
3.0,269.0,2008,Cacao Nacional W.F.
2.75,404.0,2009,Noir
2.75,423.0,2009,Ecuador
3.75,1133.0,2013,"La Red, Project Reserva, Guaconejo"
2.0,431.0,2009,Dark
3.0,1251.0,2014,"La Red, Guanconjeco"
2.5,1422.0,2014,San Martin
2.75,1422.0,2014,Ocumare
3.0,1422.0,2014,Belize
3.25,1422.0,2014,Sambirano Valley
3.25,1426.0,2014,Belize
3.25,1426.0,2014,Elvesia
3.25,1426.0,2014,ROIG
3.25,1840.0,2016,"Kafupbo, Petit Bourg, De Borgnes"
2.75,1852.0,2016,"Maranon, Fortunato No. 4"
3.75,1852.0,2016,"Los Rios, Hacienda Limon, Heirloom"
3.75,1852.0,2016,"Bahia, Fazenda Camboa"
2.5,1359.0,2014,Uganda
3.0,1359.0,2014,Hispaniola
2.5,1363.0,2014,Ecuador
3.0,1363.0,2014,Madagascar
3.25,891.0,2012,Peru
4.0,891.0,2012,Brazil
3.75,927.0,2012,Chuao
3.75,682.0,2011,Quito
3.25,576.0,2010,Grenada
3.75,576.0,2010,Dominican Republic
3.0,597.0,2010,Venzuela
3.5,431.0,2009,Madagascar
3.0,451.0,2009,Bolivian
2.25,1892.0,2016,"Lumas, 2015 Harvest, Batch 6, brown sugar"
2.5,1892.0,2016,"Lumas, 2015 Harvest, Batch 7"
3.0,1892.0,2016,"Tumbes, 2013 Harvest, Batch 8"
3.0,1892.0,2016,"Belize, 2014 Harvest, Batch 9"
2.75,1121.0,2013,"Cuana, 2013"
3.25,1145.0,2013,Tobago
3.25,1189.0,2013,"Acarigua, w/ nibs"
3.5,891.0,2012,Loma Sotavento
3.5,741.0,2011,Grenada
3.25,346.0,2009,Akosombo
3.5,346.0,2009,"Porcelana, Pariguan"
3.0,439.0,2009,Kuruba
3.75,445.0,2009,Orinoco
3.5,230.0,2008,"Cuana, 2008"
2.5,721.0,2011,Peruvian Amazon
3.25,713.0,2011,Vinces
2.75,1590.0,2015,"Madagascar, Batch 59/100"
2.75,1590.0,2015,"Vietnam, Batch 50/100"
3.0,1590.0,2015,"Cuba, Batch 59/100"
3.25,1590.0,2015,"Peru, Batch 51/100"
3.0,1594.0,2015,"Ivory Coast, Batch 56/100"
3.5,1638.0,2015,"Sao Tome, Batch 151"
3.25,1642.0,2015,"Bahia, Batch 148"
3.75,1642.0,2015,"Lam Dong, Batch 153"
2.75,1434.0,2014,Cuba
2.75,1438.0,2014,Trinidad-Tobago
3.5,927.0,2012,Catongo
2.5,327.0,2009,Tanzania
3.5,1784.0,2016,Rugoso
3.0,833.0,2012,Carenero Superior
3.0,833.0,2012,Rio Caribe
3.0,853.0,2012,Blend
3.5,1952.0,2017,"La Masica, Batch 7, FHIA"
3.25,1952.0,2017,"Maya Mtn, Batch 18, Heirloom"
3.25,1728.0,2016,Liberia
3.25,1562.0,2015,Beniamo
3.5,1562.0,2015,"San Juan Estate, Gran Couva"
3.0,1566.0,2015,San Andres
3.25,1566.0,2015,"La Red, Guaconejo"
3.5,1566.0,2015,Kokoa Kamili
3.5,1371.0,2014,Maranura
3.5,1231.0,2014,Sambirano
3.0,1856.0,2016,Madagascar
3.5,855.0,2012,Perfect Illusion
3.5,903.0,2012,"Bolivia, Wild Thing"
3.75,903.0,2012,La Selva
2.75,947.0,2012,Purple Haze
3.0,947.0,2012,"The Other One, Grand Cru"
3.5,947.0,2012,Wild Thing
3.0,157.0,2007,Excellence (US Version)
2.5,1049.0,2013,Puerto Rico
3.75,1383.0,2014,"Haleiwa, O'ahu; Lonohana E., Kanahiku"
3.25,1395.0,2014,"Haleiwa E, O'ahu, 2014"
3.75,1395.0,2014,"Haleiwa E, O'ahu, 2014"
3.0,1093.0,2013,"Opaeula Estate, O'ahu, Nene, CG Exclusive"
3.0,1097.0,2013,"Opaeula Estate, O'ahu, Ele'ele"
3.5,1097.0,2013,"Hawaiian Crown, Kona Vanilla"
2.0,1502.0,2015,Nicaragua
2.75,552.0,2010,Selva
3.0,552.0,2010,Macondo
3.0,552.0,2010,Misterio
3.5,552.0,2010,Santander
1.5,721.0,2011,Peru
2.25,552.0,2010,Peru
3.5,284.0,2008,Madagascar
3.75,284.0,2008,Madagascar
4.0,284.0,2008,Madagascar
3.5,288.0,2008,Madagascar
3.5,1940.0,2017,Guadalcanal
2.75,1085.0,2013,Puerto Rico
3.5,1085.0,2013,Brazil
2.75,1089.0,2013,"Choobua, Kona"
2.75,1089.0,2013,"Xocunusco, Chiapas, Pichucalco"
3.25,991.0,2012,"Hamakua Coast, Kokoleka"
3.25,995.0,2012,"Criollo, Hawaii"
3.5,995.0,2012,Kaua'i
2.5,672.0,2011,Dominican
2.75,693.0,2011,Upala
2.75,607.0,2010,"Chiapas, Triple Cacao"
2.0,300.0,2008,Africa
3.0,308.0,2008,Ecuador
3.25,308.0,2008,Cuba
3.75,308.0,2008,Santo Domingo
2.0,531.0,2010,Ecuador
2.75,184.0,2007,Sambirano 2006
3.5,184.0,2007,Mora Mora 2006
3.5,1121.0,2013,"Davao, Mt. Talamo foothills"
3.5,502.0,2010,"O'ahu, N. Shore, Waialua Estate w/ nibs"
2.75,311.0,2009,"O'ahu, N. Shore, Waialua Estate"
3.0,1856.0,2016,Chuao
2.5,1446.0,2015,Ecuador
2.5,1219.0,2014,Peru
2.75,1219.0,2014,Venezuela
3.75,821.0,2012,Conacado
2.75,1331.0,2014,Colombia
3.5,1522.0,2015,Markham Valley
3.75,1522.0,2015,Coto Brus
3.75,1089.0,2013,"Waiahole, O'ahu"
3.25,1003.0,2012,"Liberia, #174"
2.75,1007.0,2012,"Hamakua, Hawaiian Crown, #176"
3.0,1007.0,2012,Piura
3.25,1007.0,2012,"Oahu, Winward, #151, Maunawili district"
3.75,1844.0,2016,Johe
3.5,1848.0,2016,Peru
3.75,1255.0,2014,Porcelana
3.5,1279.0,2014,Kolumbia
3.25,871.0,2012,Grand Cru Dominican Republic
3.5,871.0,2012,Grand Cru Ghana
3.25,875.0,2012,Grand Cru Ecuador
3.25,1896.0,2016,"Ben Tre, Surprise Valley"
3.5,1474.0,2015,"ROIG, 2014"
3.5,1474.0,2015,"Maranon, 2014"
3.5,1478.0,2015,Ecuador
2.75,1606.0,2015,"San Juan Estate, Cherry Blossoms at Night"
3.5,1606.0,2015,"A case of the Xerces Blues, triple roast"
3.5,1606.0,2015,"Tumbes, Dear Mr. Finley, 2014"
2.75,1610.0,2015,Colombia
3.0,1610.0,2015,"Kakoa Kamili, Both Man & Bird & Beast"
3.5,1634.0,2015,Le Chocolat Chaud
3.0,1872.0,2016,Piura
2.75,1884.0,2016,Cusco
3.0,1884.0,2016,San Martin
3.25,1808.0,2016,Cacao Nib Crunch
3.25,1650.0,2015,"Tan Phu Dong Island, Heart of Darkness"
3.5,1650.0,2015,Ben Tre
3.75,1650.0,2015,"Dak Lak, Batch 2451"
3.5,1149.0,2013,"Tan Phu Dong, Treasure Island"
3.5,845.0,2012,Ba Ria
3.5,845.0,2012,Dong Nai
3.5,845.0,2012,"Tien Giang, Gao Co-op"
3.5,849.0,2012,Ben Tre
3.0,895.0,2012,Tien Giang
3.5,955.0,2012,Lam Dong
3.0,537.0,2010,"Matina 1-6, prototype"
3.0,544.0,2010,Ivory Coast
3.25,544.0,2010,Nigeria
3.5,544.0,2010,"Ghana, prototype"
2.25,1189.0,2013,Dominican Republic
2.5,1189.0,2013,Dominican Republic
2.75,1836.0,2016,Alto Beni
3.0,1836.0,2016,Pisa
3.25,1836.0,2016,Tumaco
3.0,1450.0,2015,Guatemala
3.25,1450.0,2015,Tanzania
3.75,1359.0,2014,French Laundry 20th Anniversary
3.5,959.0,2012,Shake Shack
2.5,999.0,2012,Madagascar
2.75,999.0,2012,Chuao
3.5,672.0,2011,Brooklyn Blend
3.0,701.0,2011,"Chuao, Med. Roast"
3.0,709.0,2011,"Chuao, Dark Roast"
2.75,713.0,2011,"Chuao, Light Roast"
3.5,773.0,2011,Moho River
2.75,777.0,2011,Papua New Guinea
3.0,777.0,2011,San Martin
3.25,777.0,2011,Conacado
3.75,777.0,2011,"La Red de Guanconejo, N. Highlands coop"
2.75,572.0,2010,Patanemo
3.0,572.0,2010,Ocumare de la Costa
3.25,572.0,2010,"Dominican Republic, Coop"
3.5,1177.0,2013,"Malekula P., 2013"
4.0,1177.0,2013,"Somia, 2013"
4.0,1177.0,2013,"Kulili P., 2013"
3.75,1181.0,2013,Blend
3.25,1367.0,2014,Maya Mountain
3.25,1367.0,2014,Elvesia
3.25,1430.0,2014,Tumbes
3.5,1430.0,2014,"Morropon, Norandiono Coop, Piura"
3.0,1728.0,2016,Hispaniola
2.5,1287.0,2014,Bolivia
2.75,1287.0,2014,Venezuela
3.0,1287.0,2014,Belize
3.0,1291.0,2014,"Nicaragua, w/ inbs"
3.5,1291.0,2014,Dominican Republic
2.5,837.0,2012,Madagascar
2.5,841.0,2012,Madagascar
2.75,1494.0,2015,El Salvador
3.0,1494.0,2015,El Salvador
3.25,1347.0,2014,Honduras
3.5,1347.0,2014,Honduras
3.25,1351.0,2014,"La Tronca, Matagalpa"
3.5,1351.0,2014,"La Tronca, Matagalpa"
3.0,1267.0,2014,"Fazenda Sempre Firme P., Bahia"
3.5,1267.0,2014,Akesson Estate
3.5,1688.0,2015,South America
3.75,963.0,2012,"Chiapas, Mokaya P."
3.5,117.0,2007,"Carenero Superior, Concepcion"
3.5,135.0,2007,Vila Gracinda
2.0,24.0,2006,Carre Amer
2.0,24.0,2006,Carre Grand Noir
3.0,24.0,2006,Tamarina
4.0,24.0,2006,Los Ancones P.
4.0,24.0,2006,Mangaro P.
4.0,24.0,2006,Maralumi P.
2.0,81.0,2006,Noir Infini
3.5,1490.0,2015,Maya Mountain
3.5,1490.0,2015,San Juan Estate
3.75,1490.0,2015,Oko Caribe
3.75,1490.0,2015,"Patanemo, Epoch, Donaldo"
3.25,1538.0,2015,Kokoa Kamili
3.5,1538.0,2015,"Matagalpa, Cacao Bisiesto"
2.5,1117.0,2013,La Red
3.25,1117.0,2013,Belize
1.5,887.0,2012,Houseblend
2.0,887.0,2012,Alto Beni
2.5,887.0,2012,"Balinese, Java"
2.5,1073.0,2013,Ecuador
3.5,825.0,2012,Ecuador
2.75,607.0,2010,Ecuador
2.75,607.0,2010,Ecuador
3.5,1920.0,2016,"Acul-du-Nord, 2015"
3.75,1880.0,2016,"Fazenda Camboa, Bahia"
3.5,1626.0,2015,"Bahia, Fazenda Venturosa"
2.5,955.0,2012,Tumaco
3.25,1026.0,2013,"Toledo District, w/ nibs"
3.0,1030.0,2013,Toledo District
2.75,607.0,2010,"Umoho R., Toledo District, San Felipe"
3.0,1614.0,2015,La Red
2.75,1618.0,2015,Indonesia
3.25,1618.0,2015,Peru
2.75,661.0,2011,Matagalpa
2.75,661.0,2011,Mombacho
3.25,772.0,2011,Oscuro
3.5,1812.0,2016,Oko Caribe
3.25,1391.0,2014,Papaua New Guinea
3.25,1654.0,2015,Manabi
3.5,1654.0,2015,Manabi
3.5,1658.0,2015,Manabi
3.5,1462.0,2015,Nicaragua
3.5,1462.0,2015,Nicaragua
2.75,1896.0,2016,"Kokoa Kamili, batch 1 SRB"
2.75,1896.0,2016,"Oko Caribe, batch 1 SRB"
2.75,1900.0,2016,"Ambanja, batch 1 SRB"
3.0,1900.0,2016,"Tien Giang, batch 1 SRB"
2.5,1049.0,2013,"Costa Rica, Oscuro"
3.0,1049.0,2013,"Costa Rica, Oscuro"
3.75,1046.0,2013,Trinidad & Tobago
3.75,1133.0,2013,"Maranon Canyon, Fortunato No. 4"
2.5,867.0,2012,Grenada
3.25,1379.0,2014,Nicaragua
2.75,1399.0,2014,Chuao
3.0,1399.0,2014,Barinas
3.5,1007.0,2013,Criollo Blend
2.25,1403.0,2014,Peru
2.5,1403.0,2014,Hispaniola
2.5,1403.0,2014,Madagascar
3.5,1403.0,2014,Ghana
2.5,531.0,2010,Papua New Guinea
3.75,230.0,2008,Manickchand Estate
1.0,135.0,2007,Dark
2.0,15.0,2006,West Africa
2.75,15.0,2006,Sao Tome
3.0,24.0,2006,Ocumare
2.25,1526.0,2015,Patanemo
2.75,1526.0,2015,Elvesia P.
3.0,1526.0,2015,"Ambanja, Sambirano Valley"
3.0,1526.0,2015,Tumbes
2.75,1022.0,2013,Peru
3.5,1022.0,2013,Ecuador
3.0,1295.0,2014,Ghana
3.0,1299.0,2014,Moho Valley
3.25,1299.0,2014,Maranon Canyon
3.0,837.0,2012,Venezuela
3.0,841.0,2012,Ecuador
3.0,931.0,2012,"La Patriota, cacao Indio, purple label"
2.75,935.0,2012,"La Dalia, Matagalpa,cacao Bisesto,green label"
3.25,935.0,2012,"Punta Galera, cacao Nacional, gold label"
3.75,1454.0,2015,"Ghana, 2013"
2.75,1458.0,2015,"Ecuador, 2013"
3.0,1458.0,2015,"Canoabo, 2013"
3.5,1458.0,2015,"Sambirano Valley, 2012"
3.75,1470.0,2015,La Red
3.5,1876.0,2016,Fazenda Leolinda
2.5,478.0,2010,Jamaica
3.75,1638.0,2015,Pangoa
3.75,1638.0,2015,"Pangoa, w/ nibs"
3.75,1558.0,2015,Virunga
4.0,1558.0,2015,Piura
2.75,1760.0,2016,Sang Yum Coop
3.5,1760.0,2016,Sang Yum Coop
2.75,1411.0,2014,"PNG, Devotion"
3.0,1411.0,2014,"PNG, Revolution"
3.25,1411.0,2014,"PNG, Voodoo"
3.5,1411.0,2014,"PNG, Nib Bar"
2.75,1594.0,2015,"San Juan Estate, Gran Couva"
3.0,1598.0,2015,Tanzania
3.5,761.0,2011,"Sylvestre, Oialla"
3.0,486.0,2010,Dominican Republic prototype
3.0,486.0,2010,Ghana prototype
2.75,457.0,2009,Dark 67
3.0,457.0,2009,Dark 75
2.0,688.0,2011,Carribean-Raw
2.75,688.0,2011,Carribean
2.75,688.0,2011,Carribean
3.0,688.0,2011,Carribean-Raw
2.75,693.0,2011,Ghana
3.75,1816.0,2016,"Kakao Kamili, Kilombero Valley"
3.0,1247.0,2014,Papua New Guinea
3.5,1247.0,2014,Madagascar
2.75,1161.0,2013,Maya Mountain
2.75,1165.0,2013,La Red
2.75,1165.0,2013,Nicaraqua
3.0,1165.0,2013,Caribe
3.0,1165.0,2013,Mindo
2.75,1438.0,2014,Papua Kerafat
3.25,1442.0,2014,"Grand Cru Blend No.1, 5 yr. Anniversary Ed"
3.75,733.0,2011,"Alto Beni, Wild Harvest, Itenez R. 24hr c."
3.0,331.0,2009,"D.R. Congo, Cru Virunga"
3.0,341.0,2009,"Piura, Apotequil, ""Porcelana"" 72hr c."
3.25,341.0,2009,"Alto Beni, Wild Harvest, Itenez R., 60hr c."
3.0,316.0,2009,"Hawai'i, Kona Grand Cru E."
3.0,24.0,2006,"Hawai'i, Kona Estate Grown"
3.0,859.0,2012,Peru
3.0,859.0,2012,Peru
4.0,1848.0,2016,"Sierra Nevada, Tutu Iku"
3.25,1415.0,2014,Garaua
3.5,1415.0,2014,Cumbia
3.75,1415.0,2014,Montubia
4.0,1415.0,2014,Tangara
2.75,817.0,2012,"Ecuador, raw"
4.0,863.0,2012,Piura
3.5,721.0,2011,Nube- prototype
2.5,224.0,2008,Esmeraldas
2.75,224.0,2008,Manabi
3.0,224.0,2008,Los Rios
2.0,266.0,2008,Raw
3.5,266.0,2008,Raw
2.75,1720.0,2016,Lachua
3.0,1720.0,2016,Maya Mtn
3.25,1570.0,2015,"Silvestre, La Paz, Beni"
3.25,1570.0,2015,"San Juan Estate, Gran Couva"
3.5,1574.0,2015,Kokoa Kamili
3.75,1574.0,2015,Lam Dong
2.75,1239.0,2014,"Alto Beni, Palos Blancos"
3.75,1239.0,2014,Sambirano
2.75,1303.0,2014,"Camino Verde P., Balao, Guayas"
3.5,1399.0,2014,Duo- Gran Couva & Camino Verde
3.75,1399.0,2014,Gran Couva
3.0,1860.0,2016,Matasawalevu
3.5,1363.0,2014,South America
3.25,1856.0,2016,Kilombero Valley
3.5,1542.0,2015,"Lachua, Q'egchi families"
3.0,1251.0,2014,Alto Beni
3.5,1255.0,2014,Oko Caribe
2.5,1137.0,2013,Peru
2.75,1137.0,2013,Peru
3.75,636.0,2011,Signature Blend
4.0,331.0,2009,Madagascar
3.5,439.0,2009,Madagascar
3.5,439.0,2009,"Rio Caribe, Paria Penninsula"
4.0,196.0,2007,Madagascar
4.0,1034.0,2013,"Piura, Choc. Garage Exclusive"
2.25,1271.0,2014,"Madagascar, w/ shell"
2.75,1271.0,2014,"Madagascar, w/ shell"
3.0,1454.0,2015,Dominican Republic
3.25,1658.0,2015,"Haut Penja, w/ nibs"
3.0,478.0,2010,Chuao
3.25,478.0,2010,Trinite
3.75,516.0,2010,"Baracoa, Cuba"
3.0,531.0,2010,"Peru, Las Pampas P."
3.0,414.0,2009,"Bahia Brazil, Fazenda Sao Pedro"
3.0,445.0,2009,"Porcelana, Tabasco, Finca La Joya"
4.0,111.0,2007,Cabosse
3.75,129.0,2007,"Los Rios, Puerto Romero, Equateur"
4.0,141.0,2007,"Sambirano, Ambanja, Madagascar"
3.5,166.0,2007,Fleur de Cacao
4.0,81.0,2006,"Porcelana, Tabasco, Limited Ed."
3.0,93.0,2006,"Kendem Lembu, Java"
4.0,93.0,2006,"Ocumare, Puerto Cabello, Venezuela"
2.5,1772.0,2016,Wampusirpi Region
2.5,1506.0,2015,Tenor
2.75,1506.0,2015,Johe
2.75,1510.0,2015,Chuno
2.75,1510.0,2015,Nicalizo
3.25,1510.0,2015,Rugoso
3.25,1311.0,2014,Akesson Estate
2.5,1315.0,2014,Namau Village
3.25,1319.0,2014,"Camino Verde P., Balao, Guayas, ""Fruity"""
3.5,1319.0,2014,"Camino Verde P., Balao, Guayas, ""Floral"""
2.5,829.0,2012,"La Red, 2011"
2.75,829.0,2012,Peru
3.75,1820.0,2016,"Oko Caribe, Duarte Province, 2016 H."
3.75,1387.0,2014,"Cuyagua, 2013"
3.5,647.0,2011,Upala w/ nibs
3.0,654.0,2011,"Upala, Batch 18"
2.75,789.0,2011,"San Martin, Amazonian Highlands"
3.5,789.0,2011,Bahia
3.75,607.0,2010,"Upala, Batch 12"
3.25,1446.0,2015,Peru
3.25,717.0,2011,"Porcelana, S. of Lake Maracaibo"
3.5,486.0,2010,Chuao
2.0,451.0,2009,Cuyagua
3.0,199.0,2008,Papouasie
3.0,202.0,2008,"Sambirano Valley, Le 100%"
2.0,280.0,2008,Dominican Republic-Organic
3.5,280.0,2008,"Monte Alegre, Diego Badero"
4.0,162.0,2007,Claudio Corallo w/ nibs
3.0,105.0,2006,"Monte Alegre (Itacare), Brazil"
3.5,105.0,2006,Tanzania
3.5,5.0,2006,Sao Tome & Principe
3.5,5.0,2006,Trinidad
3.75,5.0,2006,"Madagascar, Nosy Be Isle."
3.5,32.0,2006,"Java, Indonesie"
3.5,32.0,2006,"Barlovento, Venezuela"
4.0,32.0,2006,Jamaique
3.0,40.0,2006,Equateur
3.0,40.0,2006,Vanuatu
3.25,40.0,2006,Ghana
3.5,40.0,2006,Colombie
4.0,93.0,2006,Fortissima
3.0,99.0,2006,Cuba
3.0,99.0,2006,"Caracas, Venezuela and Ghana"
3.5,99.0,2006,"Djakarta, Java and Ghana"
3.5,1872.0,2016,"Chocoan Rainforest, Teroro Escondido, ESM"
3.5,1502.0,2015,"Crayfish Bay Estate, 2014"
3.5,1530.0,2015,"Akesson's, batch 4411"
2.75,1688.0,2015,Honduras
2.75,1223.0,2014,"Patanemo Vil., Carabobo State, Tisano family"
3.0,1223.0,2014,Guantupi River
3.25,1223.0,2014,"Akessons Estate, Sambirano, Ambanja"
2.75,1227.0,2014,Guantupi River
2.75,931.0,2012,Venezuela
3.25,1057.0,2013,Brazil
3.5,1057.0,2013,Brazil
2.75,1069.0,2013,Brazil
3.25,1069.0,2013,Brazil
3.0,935.0,2012,Brazil
3.25,935.0,2012,Brazil
2.75,1796.0,2016,"Mexico, Lot 28022016"
3.0,1800.0,2016,"Uranga, Lot 22032016"
3.0,1788.0,2016,Amazon Basin Blend
2.75,1708.0,2015,Virunga
3.25,959.0,2012,Madagascar
3.5,785.0,2011,La Red
2.75,470.0,2010,Suchitepequez E.
3.0,565.0,2010,Ecuador
2.5,1558.0,2015,"San Martin, Batch 2"
3.25,1562.0,2015,"Chulucanas, Batch 1"
3.5,1562.0,2015,"Tumbes, Batch 2"
3.25,1872.0,2016,Piura
2.5,867.0,2012,Raw
3.25,494.0,2010,Esmeraldas
2.5,439.0,2009,"Los Rios, Vinces"
3.0,147.0,2007,Manabi
3.5,147.0,2007,El Oro
3.75,170.0,2007,Los Rios
3.75,1860.0,2016,"Camino Verde P., Balao, 2015 harvest, batch8"
3.5,1466.0,2015,"Camino Verde P., Balao, Guayas, 2014"
3.5,1466.0,2015,"Mid Mountain, 2014"
3.75,1089.0,2013,"Toledo District, Maya"
3.0,1181.0,2013,"Maranon, Cajamarca"
4.0,891.0,2012,Sambirano
3.25,967.0,2012,"Camino Verde P., 2012, Balao, Guayas"
3.5,979.0,2012,Gran Couva
3.5,745.0,2011,Costa Rica
3.25,1844.0,2016,"La Dorado, light roast"
3.25,1844.0,2016,"Tapanti, light roast"
3.25,1844.0,2016,Maleku
3.25,1061.0,2013,Madagascar
3.25,1061.0,2013,Madagascar w/ nibs
3.5,923.0,2012,"Gru Grococo, St. Andrews"
3.75,1748.0,2016,"La Masica, Batch 1, FHIA Research Center"
3.75,1446.0,2015,"Caranero, Choc. Garage Exclusive"
3.25,1566.0,2015,"Tranquilidad, Batch 1"
3.75,1209.0,2014,Porcelana
3.5,1038.0,2013,"Akessons Estate, Sambirano, 2013"
3.5,1081.0,2013,"Hispaniola, 2013"
4.0,1081.0,2013,"Silvestre, Batch 7, 2013"
3.75,1193.0,2013,"Bachelor's Hall E., St. Thomas Parish"
3.75,979.0,2012,"Camino Verde P., Balao, Guayas"
3.0,793.0,2011,"Silvestre, Batch 1, 2011"
3.75,565.0,2010,Piura
3.5,327.0,2009,Rio Caribe
2.75,213.0,2008,"Hispaniola, 2008"
2.75,213.0,2008,Jamaica
2.75,213.0,2008,"Sambirano, 2008"
3.0,213.0,2008,Trinidad
2.5,809.0,2012,Sur del Lago
2.25,871.0,2012,"Rio Caribe Superior, Paria Penninsula"
2.5,871.0,2012,"Sambirano, Akesson Estate"
3.5,713.0,2011,Carenero Superior
2.5,717.0,2011,Porcelana
3.5,717.0,2011,"Aragua, Trincheras"
2.75,765.0,2011,Principe
3.5,607.0,2010,Malgascio
1.5,615.0,2010,100 percent
3.0,615.0,2010,Samana
3.5,615.0,2010,Arawak
3.5,615.0,2010,Latino
2.75,813.0,2012,Midnight
3.25,813.0,2012,Twilight
3.5,288.0,2008,Bahia Superior
3.5,288.0,2008,Esmeraldas
3.5,288.0,2008,Carenero Superior
3.5,292.0,2008,Rio Arriba
2.75,404.0,2009,Colombian 2008
3.0,414.0,2009,Colombian w/ nibs
2.0,32.0,2006,Colombian Semi Dark
3.0,32.0,2006,Colombian
4.0,32.0,2006,Colombian Dark
2.75,761.0,2011,Sao Tome
4.0,959.0,2012,San Juan de Cheni
3.75,781.0,2011,Markham Valley
3.5,464.0,2010,Camahogne
3.75,464.0,2010,Amina
3.75,336.0,2009,Tome Acu
4.0,336.0,2009,Asante
3.75,445.0,2009,Ben Tre
3.0,227.0,2008,Finisterra
3.0,117.0,2007,Las Islas
3.0,135.0,2007,Nibby
3.75,135.0,2007,Cuyagua
3.0,188.0,2007,Antilles (Trin/Gren/DR/Ven)
2.0,15.0,2006,Extra Dark
3.5,15.0,2006,Bittersweet
2.0,40.0,2006,Kumasi Sambirano
2.0,56.0,2006,Jamaica a l'ancienne
3.0,56.0,2006,Semisweet
2.75,1658.0,2015,Dominican Republic
2.75,1658.0,2015,Grenada
3.25,1450.0,2015,Jamaica
3.5,1450.0,2015,Papua New Guinea
2.75,1466.0,2015,Cuyagua
3.5,1466.0,2015,ROIG
3.0,1335.0,2014,Ecuador
3.25,1335.0,2014,"Belize, 2013"
2.0,713.0,2011,Hilo
2.5,721.0,2011,"Hilo, w/ added cocoa butter"
3.25,1884.0,2016,Tingo Maria
3.5,757.0,2011,Porcelana
3.25,1586.0,2015,Oro
3.5,1586.0,2015,Oscuro
2.5,911.0,2012,Peru
3.0,717.0,2011,Maya Belize
3.25,725.0,2011,"Trintade, Sao Tome"
3.25,729.0,2011,"Bahia, Scavina"
3.0,741.0,2011,"Porcelana, Colombia, Amazonas"
3.5,1788.0,2016,Wild Bolivia
3.5,1856.0,2016,Kokoa Kamili Coop
3.75,1860.0,2016,"Esmeraldas, Salazar Farm"
3.0,1502.0,2015,"Somia Plantation, 2012"
3.0,1506.0,2015,"Camino Verde P., Balao, Guayas, 2012"
3.0,1614.0,2015,Lachua w/ cane sugar
3.25,1614.0,2015,"Lachua w/ maple sugar, batch 5"
3.25,1650.0,2015,Pisa
3.75,1339.0,2014,"Somia Plantation, 2012"
3.75,1339.0,2014,"Somia Plantation, 2012"
3.75,1343.0,2014,"Camino Verde P., Balao, Guayas"
2.75,1454.0,2015,Ghana
3.0,1462.0,2015,Nicaragua
3.5,1940.0,2017,"Oko Caribe, DOR005"
3.75,1740.0,2016,"Guasare, La Sierra de Perija, batch gua001"
4.0,1740.0,2016,"Porcelana, Sorotaima,Machiques,batch pcl001"
3.75,1756.0,2016,"Maya Mtn, Moho R., Toledo D."
3.0,1864.0,2016,Tien Giang
3.75,1864.0,2016,Australia
3.25,1908.0,2016,"Chimelb, Lanquin, Alta Verapaz, b-GUA001"
3.25,1618.0,2015,Akesson's Estate
3.5,1622.0,2015,Akesson's Estate
3.75,1622.0,2015,Kokoa Kamili
3.75,1622.0,2015,San Juan Estate
4.0,1622.0,2015,Camino Verde
2.75,1626.0,2015,Bolivia
3.5,1662.0,2015,"Papua New Guinea, triple roast, batch 1"
3.0,1666.0,2015,"Maranon, batch 2"
3.75,1666.0,2015,"Chuao, batch 3"
1.5,693.0,2011,Ghana
3.0,502.0,2010,Madagascar
3.25,502.0,2010,Ecuador
3.5,1812.0,2016,"Ecuador, Batch 1"
3.0,1518.0,2015,Madagascar
2.75,1840.0,2016,"Maranon, Fortunato No. 4"
2.75,1840.0,2016,"Castillo, Hispaniola, unroasted"
3.25,1792.0,2016,Solomon Island
3.25,1796.0,2016,Solomon Island w/ nibs
3.0,1335.0,2014,Bundibugyo
3.0,1157.0,2013,Sambirano
3.0,1157.0,2013,Amazonas
3.25,1161.0,2013,Bolivia
3.25,1161.0,2013,San Martin
3.5,1161.0,2013,Wasatch
3.5,1820.0,2016,"Oko Caribe, Duarte P., Collab w Chocosol"
3.5,1820.0,2016,"Sambirano Valley, Black Science, B-60307.0"
3.5,1828.0,2016,"Bahia Black, batch bra50722.1"
3.75,1828.0,2016,"Abstract S. w/ Jamaica nibs,batch abs60323.0"
3.75,1828.0,2016,"Chuno, San Jose de Bocay, Pantasma R.,B.S."
4.0,1828.0,2016,"Tien Giang, Black S., batch VIT60420.0"
3.25,1832.0,2016,"Camino Verde, Black S., batch cvu6030.0"
3.5,1594.0,2015,CSB Chama
4.0,1594.0,2015,Porcelana
3.5,1227.0,2014,"La Tronca, Matagalpa"
3.75,1259.0,2014,Maranon Canyon
3.25,1307.0,2014,La Dalia
3.5,1307.0,2014,"Camino Verde P., Balao, Guayas"
3.75,1307.0,2014,"Espiritu Santo, 'Smoke Monster'"
3.25,1339.0,2014,Little Big Man
3.75,1019.0,2013,"Rizek Cacao, Domin. Rep."
3.25,1030.0,2013,Java
2.75,1073.0,2013,"Apurimac, El Quinacho Co-op"
3.75,1073.0,2013,"Sangre Grande P., Trinidad"
3.25,1077.0,2013,Chef's Blend
3.75,1077.0,2013,Patanemo
4.0,1077.0,2013,Crazy 88
4.0,1077.0,2013,"Maracaibo, El Vigia"
4.0,1081.0,2013,Equator
3.25,1173.0,2013,Orinoco
4.0,1177.0,2013,"Bachelor's Hall E., St. Thomas Parish"
3.25,817.0,2012,Noula Coop
3.75,833.0,2012,O'ahu
4.0,867.0,2012,"Dual Origins, Sambirano, Elvesia"
4.0,867.0,2012,"Dancing in Your Head, 5 bean blend"
3.5,951.0,2012,Cahabon Region
3.75,951.0,2012,Carenero Superior
3.5,967.0,2012,Eastern Promises
3.5,983.0,2012,Papua New Guinea
2.75,676.0,2011,"Grenada, Black Science"
3.5,676.0,2011,"Alto Beni, Wild Bolivian"
4.0,676.0,2011,Peruvian
4.0,676.0,2011,"Three Amigos(Chuao, Wild Bolivia, D.R.)"
3.75,682.0,2011,"Elvesia P., Black Science"
3.5,688.0,2011,Chuao
3.75,607.0,2010,Black Science Blend 1
3.0,377.0,2009,Hispaniola
3.5,377.0,2009,Africa
3.0,387.0,2009,Conacado
3.5,387.0,2009,Papua New Guinea
3.75,387.0,2009,Madagascar
3.75,387.0,2009,Ocumare
3.25,1367.0,2014,Nicaragua
3.5,1395.0,2014,"Hawaiian, Big Island"
3.25,1932.0,2017,Dominican Republic
3.5,1936.0,2017,Madagascar
3.5,1936.0,2017,Venezuela
3.25,1936.0,2017,Ecuador
3.25,1936.0,2017,Papua New Guinea
3.5,1940.0,2017,Tanzania
3.0,793.0,2012,AgroCriso Plantation
3.0,793.0,2012,AgroCriso Plantation
3.25,793.0,2012,AgroCriso Plantation
3.75,1932.0,2017,Dominican Republic
3.5,1932.0,2017,Ecuador
2.75,1932.0,2017,Peru
3.5,1792.0,2016,"Dominican Republic, lot D82R"
3.75,1792.0,2016,"Ecuador, lot E432314L"
3.75,1792.0,2016,"Madagascar, lot M0403R"
2.75,1434.0,2014,Malekula Island
3.0,1057.0,2013,Alto Beni
3.0,1113.0,2013,Dominican Republic
2.25,1121.0,2013,Dominican Republic
3.0,1634.0,2015,"Bolivar, Arriba"
3.0,1692.0,2015,Hispaniola
3.0,1692.0,2015,Cacao Verapaz
3.0,1692.0,2015,Rio Tuma
3.0,1696.0,2015,Sambirano Valley
2.75,859.0,2012,"Bahia, Agri-Forestal Plantation, 2010"
3.25,729.0,2011,India
3.5,1291.0,2014,"Ecuador, Midnight Dark"
3.5,1291.0,2014,"Ecuador, Twilght Dark"
2.5,939.0,2012,"Samar, East Visayas region"
2.5,943.0,2012,"Samar, East Visayas region"
2.75,943.0,2012,"Samar, East Visayas region"
2.75,1157.0,2013,Sambirano
3.25,1157.0,2013,Moho Valley
2.5,1800.0,2016,Peru
3.0,1800.0,2016,Peru
2.75,1796.0,2016,Venezuela
3.0,1796.0,2016,Venezuela
2.75,1618.0,2015,Sri Lanka
3.25,1668.0,2015,Nacional
3.25,1704.0,2015,Baracoa
3.25,1704.0,2015,Ambolikapiky
3.75,1704.0,2015,"Winak, Sumaco"
3.25,1708.0,2015,"Ben Tre, Mekong Delta"
3.5,1708.0,2015,"Fazenda Sempre Firme, Bahia"
3.5,1263.0,2014,Porcelana
3.75,1263.0,2014,Baracoa
3.5,1185.0,2013,"Autumn, Primary Harvest, 2012"
3.5,1185.0,2013,"Spring, Secondary Harvest, 2012"
3.25,1193.0,2013,Cacao Blanco
3.25,939.0,2012,Santo Domingo
3.25,939.0,2012,Millot Plantation
3.75,939.0,2012,"Ayacucho, ""El Guinacho"""
3.0,761.0,2011,Crudo
2.75,1101.0,2013,Costa Rica
2.75,1101.0,2013,Dominican Republic
2.5,1105.0,2013,"Chiapas, Lacandon Jungle"
3.0,1105.0,2013,Peru
3.0,1450.0,2015,Colombia
3.25,1450.0,2015,Papua
3.25,1450.0,2015,Vietnam
2.75,1680.0,2015,Trinidad
3.25,1868.0,2016,"Paramaribo, batch 20160043-01"
3.0,1271.0,2014,Belize
3.25,785.0,2011,Alto Beni
2.75,451.0,2009,Chiapan
3.0,180.0,2007,"Dark, Stone Ground"
2.0,1716.0,2016,West Africa
3.25,915.0,2012,Peru- Ecuador
2.75,387.0,2009,TCHOPro 60.5
3.0,387.0,2009,TCHOPro 68
2.5,199.0,2008,Chocolatey-beta
2.5,280.0,2008,Fruity-beta
2.75,280.0,2008,Citrus-beta
2.5,284.0,2008,Nutty-beta
2.75,801.0,2012,Concepcion
3.0,801.0,2012,Bayou Blend
3.0,805.0,2012,Aranama
3.5,805.0,2012,Presidio
3.25,817.0,2012,"La Bahia, w/ cane juice"
2.0,821.0,2012,Capistrano
3.25,825.0,2012,"La Bahia, w/ cane sugar"
2.75,829.0,2012,San Jose
3.0,829.0,2012,Capistrano*
3.25,833.0,2012,Espada
2.75,967.0,2012,Espada
3.0,971.0,2012,Concepcion*
3.25,971.0,2012,San Jose
3.5,971.0,2012,"Bahia, Floresta Azul,Good Friends Reserve#3"
2.75,1478.0,2015,Peru
3.75,1478.0,2015,Belize
3.75,1478.0,2015,Madagascar
3.25,1482.0,2015,Ecuador
3.5,1554.0,2015,Oko Caribe
3.75,1558.0,2015,Guatemala
3.25,1323.0,2014,Ecuador
3.75,1323.0,2014,Madagascar
3.75,1323.0,2014,Uganda
3.0,1614.0,2015,Peru
3.25,903.0,2012,Congo w/ nibs
3.5,162.0,2007,Madagascar
2.5,184.0,2007,Ivory Coast
3.0,184.0,2007,"Ghana, Kumasi"
2.0,188.0,2007,"Venezuela; Barinos, Merida, Tachron"
3.0,188.0,2007,"Ghana, Panama, Ecuador"
3.25,1684.0,2015,"Piura Select, Cacao Blanc"
3.75,1836.0,2016,"Belize, med roast"
3.25,1418.0,2014,Manabi
4.0,895.0,2012,"Roxborough, Tobago"
3.0,927.0,2012,"Wild Bolivian, Jungle Love"
2.75,789.0,2011,Venezuela
3.0,789.0,2011,Dominican Republic
3.0,1239.0,2014,Conacado
3.5,753.0,2011,"Ambanja, Tsara Valley"
2.75,1700.0,2015,Oko Caribe
3.5,1700.0,2015,"Cedeno, lot 271"
3.5,1235.0,2014,Madagascar
3.25,1022.0,2013,Dominican Republic
2.5,1026.0,2013,Palos Blancos
2.75,753.0,2011,Dominican Republic
3.0,1740.0,2016,Peru
3.75,709.0,2011,Dominican Republic
2.75,1438.0,2014,Matagalpa
3.0,1438.0,2014,Nourish
3.0,1752.0,2016,"Madagascar, Sassy Bar"
3.25,1752.0,2016,"Tanzania, Party Bar"
3.25,1327.0,2014,"Sur del Lago, Merida"
4.0,1510.0,2015,"Piura, Illanka, Quemazon"
3.5,1145.0,2013,"Andoa, Grand Cru blend"
3.5,1153.0,2013,"Loma Sotavento, 2013"
4.0,931.0,2012,"Otucan, Grand Cru"
3.25,709.0,2011,Caraque
4.0,757.0,2011,"Porcelana, Pedegral"
3.75,327.0,2009,Tainori
3.75,370.0,2009,Alpaco
3.5,395.0,2009,Nyangbo
3.0,117.0,2007,Araguani
3.75,129.0,2007,Chuao 2002 P.
4.0,129.0,2007,Manjari
1.5,147.0,2007,Le Noir Extra Amer
2.5,153.0,2007,Abinao
2.75,157.0,2007,Le Noir Amer
3.25,162.0,2007,"Porcelana, Maracaibo, Palmira P. 2006"
3.0,63.0,2006,Caraibe
4.0,63.0,2006,Guanaja
2.5,75.0,2006,Gran Couva 2005 P.
3.0,75.0,2006,"Porcelana, Maracaibo, Palmira P. 2005"
3.5,75.0,2006,"Sambirano, Ampamakia 2005, Millot P."
2.5,963.0,2012,Manhattan
2.75,963.0,2012,Napa
2.75,404.0,2009,Madagascar
2.75,404.0,2009,Madagascar
2.75,404.0,2009,Madagascar
3.0,404.0,2009,Madagascar
3.0,404.0,2009,Madagascar w/ nibs
3.25,404.0,2009,Madagascar
3.25,1470.0,2015,Palos Blancos
3.25,1470.0,2015,Palos Blancos + nibs
3.25,1211.0,2014,Dominican Republic
3.5,1211.0,2014,Trinidad
3.5,1227.0,2014,Mindo
3.75,1117.0,2013,Dark
3.25,991.0,2012,Classic
3.5,951.0,2012,"Ben Tre, Mekong Delta, MoCay"
3.0,1205.0,2014,San Martin
2.0,153.0,2007,"Los Rios, Rancho Grande 2004/2007"
2.0,153.0,2007,"Los Rios, Rancho Grande 2004/2007"
3.0,153.0,2007,"Los Rios, Rancho Grande 2004/2007"
3.0,153.0,2007,"Los Rios, Rancho Grande 2007"
2.75,1458.0,2015,Sambirano Valley
3.0,1458.0,2015,Moho River Valley
3.0,1458.0,2015,Cuyagua
3.25,1458.0,2015,Peru
2.75,1502.0,2015,Cahabon
2.5,1720.0,2016,Peru
2.5,1720.0,2016,Ocumare
3.0,1724.0,2016,Dominican Republic
3.5,1756.0,2016,Conacado
3.5,1756.0,2016,"Piura Blanco, Norandino"
2.5,733.0,2011,Ghana
2.5,1169.0,2013,Amazonas
2.75,1169.0,2013,Amazonas
3.25,1169.0,2013,Tumbes
2.75,1173.0,2013,Amazonas w/ nibs
4.0,1848.0,2016,Los Llanos
3.0,1227.0,2014,Los Llanos
2.25,1109.0,2013,"Java, Indonesian Black"
3.0,593.0,2010,Sambirano
3.5,593.0,2010,Hacienda Las Trincheras
3.75,593.0,2010,Java
3.0,457.0,2009,San Martin
3.25,457.0,2009,Rio Caribe
3.0,1912.0,2016,"Guasare, Zulia Prov., 2015, batch 124"
3.5,1912.0,2016,"Wild Beniano, 2016, batch 128, Heirloom"
3.75,1916.0,2016,"Ghana, 2013, batch 129"
3.0,1243.0,2014,"Maranon, Cajamarca"
3.25,1042.0,2013,"Camino Verde P., Balao, Guayas"
3.5,1042.0,2013,Gran Couva
2.5,825.0,2012,Ecuador
3.0,825.0,2012,Costa Rica
3.25,951.0,2012,Sambirano
4.0,741.0,2011,Ocumare
3.5,769.0,2011,La Red
3.0,1057.0,2013,Hispaniola
2.75,1948.0,2017,"Sambirano, batch 170102"
2.5,1948.0,2017,"Hispaniola, batch 170104"
3.0,1574.0,2015,"Papua New Guinea, Batch 2"
3.25,1578.0,2015,"Dominican Republic, Batch D2"
3.25,1578.0,2015,"Madagascar, Batch 2"
3.25,1578.0,2015,"Peru, Batch 1"
3.5,1578.0,2015,"Belize, Batch 2"
3.0,1582.0,2015,"House Blend, Batch 2"
3.5,1820.0,2016,"Millot P., Ambanja"
2.75,1824.0,2016,UNOCACE
2.75,1824.0,2016,San Juan Estate
3.0,1824.0,2016,"Kakao Kamili, Kilombero Valley"
3.5,1824.0,2016,"Kakao Kamili, Kilombero Valley"
3.5,1880.0,2016,"San Juan Estate, Gran Couva"
3.75,1716.0,2016,Guadalcanal
3.25,1780.0,2016,Goddess Blend
3.5,697.0,2011,Alto Beni
3.5,701.0,2011,Tokiala
3.75,701.0,2011,"Tranquilidad, Baures"
2.75,1205.0,2014,Raw
3.5,801.0,2012,"Bocas del Toro, Cocabo Co-op"
3.5,801.0,2012,Amazonas Frucht
3.0,875.0,2012,"Satipo Pangoa region, 16hr conche"
3.5,875.0,2012,"Satipo Pangoa region, 20hr conche"
3.75,875.0,2012,"Loma Los Pinos, Yacao region, D.R."
3.0,879.0,2012,El Oro
3.0,879.0,2012,Huiwani Coop
3.25,879.0,2012,El Ceibo Coop
3.75,879.0,2012,Santo Domingo
3.25,883.0,2012,"Kongo, Highlands"
3.5,883.0,2012,"Indianer, Raw"
3.75,647.0,2011,Peru
3.0,749.0,2011,Congo
3.5,749.0,2011,Kerala State
3.25,781.0,2011,Kerala State
3.0,486.0,2010,"Brazil, Mitzi Blue"
